home_team,away_team,target,rank_dif,goals_dif,goals_dif_l5,goals_suf_dif,goals_suf_dif_l5,goals_per_ranking_dif,dif_rank_agst,dif_rank_agst_l5,dif_points_rank,dif_points_rank_l5,is_friendly_0,is_friendly_1
Tahiti,Cook Islands,0,-26.0,8.0,8.0,-8.0,-8.0,0.041699500919359075,26.0,26.0,0.015957446808510637,0.015957446808510637,0,1
Bangladesh,Afghanistan,1,32.0,0.0,0.0,0.0,0.0,0.0,-32.0,-32.0,0.0010784214605870663,0.0010784214605870663,0,1
Guatemala,Panama,1,62.0,-1.0,-1.0,-1.0,-1.0,-0.011109372555155688,-6.0,-6.0,-0.009815464389202378,-0.009815464389202378,1,0
El Salvador,Trinidad and Tobago,1,-27.0,-1.0,-1.0,2.0,2.0,-0.011363636363636364,19.0,19.0,-0.03409090909090909,-0.03409090909090909,1,0
Republic of Ireland,Netherlands,1,46.0,-3.0,-3.0,2.0,2.0,-0.06,-48.0,-48.0,-0.06,-0.06,1,0
Greece,Gibraltar,0,-148.0,0.0,0.0,2.0,2.0,0.0,-164.0,-164.0,0.0,0.0,1,0
Faroe Islands,Moldova,1,-35.0,-1.0,-1.0,1.0,1.0,-0.034482758620689655,-3.0,-3.0,-0.034482758620689655,-0.034482758620689655,1,0
Montenegro,Bulgaria,0,-6.0,2.0,2.0,1.0,1.0,0.013888888888888888,122.0,122.0,0.006944444444444444,0.006944444444444444,1,0
Lithuania,Serbia,1,119.0,1.0,1.0,0.0,0.0,0.00039123630672926665,35.0,35.0,0.014084507042253521,0.014084507042253521,1,0
Finland,Denmark,1,36.0,-3.0,-3.0,0.0,0.0,-0.009615384615384616,-104.0,-104.0,0.014423076923076924,0.014423076923076924,1,0
Kazakhstan,Northern Ireland,0,40.0,-2.0,-2.0,-3.0,-3.0,-0.03278688524590164,-6.0,-6.0,0.0,0.0,1,0
San Marino,Slovenia,1,147.0,-4.0,-4.0,2.0,2.0,-0.0625,-45.0,-45.0,-0.046875,-0.046875,1,0
Lebanon,India,0,1.0,-1.0,-1.0,0.0,0.0,-0.019721871049304677,43.0,43.0,-0.014285714285714285,-0.014285714285714285,1,0
Thailand,Iraq,1,43.0,0.0,0.0,-1.0,-1.0,-0.00020202020202020332,1.0,1.0,0.019898989898989895,0.019898989898989895,1,0
Dominican Republic,Montserrat,0,-27.0,-3.0,-3.0,0.0,0.0,-0.018072289156626505,-25.0,-25.0,-0.018072289156626505,-0.018072289156626505,1,0
Nicaragua,Barbados,0,-25.0,0.0,0.0,-3.0,-3.0,0.0019847103793002047,-27.0,-27.0,0.019736842105263157,0.019736842105263157,1,0
Myanmar,Nepal,0,-15.0,0.0,0.0,0.0,0.0,0.0,15.0,15.0,-0.0005357142857142861,-0.0005357142857142861,0,1
Latvia,Wales,1,99.0,0.0,0.0,5.0,5.0,0.0,-22.0,-22.0,-0.03571428571428571,-0.03571428571428571,1,0
Iceland,Bosnia and Herzegovina,0,5.0,-1.0,-1.0,2.0,2.0,0.0012359550561797748,-111.0,-111.0,-0.015,-0.015,1,0
Portugal,Luxembourg,0,-80.0,-2.0,-2.0,-1.0,-1.0,-0.02349952365830422,-20.0,-20.0,0.019053667831057476,0.019053667831057476,1,0
Slovakia,Liechtenstein,0,-153.0,-1.0,-1.0,-1.0,-1.0,-0.016129032258064516,-53.0,-53.0,0.0,0.0,1,0
Cuba,Suriname,0,29.0,-1.0,-1.0,-1.0,-1.0,-0.005747126436781609,-87.0,-87.0,0.005747126436781609,0.005747126436781609,1,0
Jamaica,Haiti,1,-29.0,1.0,1.0,0.0,0.0,0.012658227848101266,-93.0,-93.0,0.0321607300559317,0.0321607300559317,1,0
Honduras,Grenada,0,-95.0,-1.0,-1.0,-0.5,-0.5,-0.006993006993006993,-60.5,-60.5,-0.002320109796745311,-0.002320109796745311,1,0
Guyana,Bahamas,0,-29.0,1.5,1.5,-4.5,-4.5,0.012113205857328377,-26.0,-26.0,0.011363636363636364,0.011363636363636364,1,0
Puerto Rico,Antigua and Barbuda,0,31.0,5.0,5.0,-4.0,-4.0,0.02450447183949722,29.0,29.0,0.015228426395939087,0.015228426395939087,1,0
Bolivia,Argentina,1,82.0,0.0,0.0,3.5,3.5,0.016666666666666663,-16.0,-16.0,-0.075,-0.075,1,0
Ecuador,Uruguay,0,24.0,-3.0,-3.0,0.0,0.0,-0.09375,-31.0,-31.0,-0.09375,-0.09375,1,0
Venezuela,Paraguay,0,8.0,0.0,0.0,1.0,1.0,0.0,-4.0,-4.0,-0.047619047619047616,-0.047619047619047616,1,0
Peru,Brazil,1,18.0,-5.0,-5.0,-1.0,-1.0,-0.060240963855421686,-34.0,-34.0,-0.01573641504794689,-0.01573641504794689,1,0
Chile,Colombia,1,15.0,0.0,0.0,3.0,3.0,0.044956140350877194,-41.0,-41.0,-0.05263157894736842,-0.05263157894736842,1,0
Azerbaijan,Jordan,0,39.0,0.0,0.0,-5.0,-5.0,0.0,-39.0,-39.0,0.0,0.0,0,1
Bahrain,Turkmenistan,1,-52.0,1.0,1.0,1.0,1.0,0.0072992700729927005,-13.0,-13.0,0.0,0.0,0,1
China PR,Syria,1,-14.0,-1.0,-1.0,-1.0,-1.0,-0.007352941176470588,0.0,0.0,0.0,0.0,0,1
Egypt,Tunisia,1,3.0,-2.0,-2.0,0.0,0.0,-0.01336590974417936,-5.0,-5.0,0.0007185972980741605,0.0007185972980741605,0,1
Germany,France,0,13.0,-1.0,-1.0,4.0,4.0,0.01226415094339623,-33.0,-33.0,-0.05660377358490566,-0.05660377358490566,0,1
Iran,Angola,0,-94.0,1.0,1.0,0.0,0.0,0.012987012987012988,-31.0,-31.0,0.0297017797017797,0.0297017797017797,0,1
Kenya,South Sudan,1,-62.0,2.0,2.0,-3.0,-3.0,0.03389830508474576,8.0,8.0,0.05084745762711865,0.05084745762711865,0,1
South Korea,Saudi Arabia,0,-26.0,-1.0,-1.0,-3.0,-3.0,-0.021739130434782608,-11.0,-11.0,0.02857142857142857,0.02857142857142857,0,1
Mexico,Uzbekistan,1,-62.0,2.0,2.0,-1.0,-1.0,0.07407407407407407,16.0,16.0,0.037037037037037035,0.037037037037037035,0,1
Scotland,England,1,26.0,2.0,2.0,-1.0,-1.0,-0.01624293785310734,94.0,94.0,-0.01624293785310734,-0.01624293785310734,0,1
Senegal,Algeria,1,-15.0,1.0,1.0,1.0,1.0,0.007194244604316547,15.0,15.0,-0.0008702715247157107,-0.0008702715247157107,0,1
South Africa,DR Congo,0,-6.0,-2.0,-2.0,0.0,0.0,-0.015267175572519083,-17.0,-17.0,-0.014128833534217223,-0.014128833534217223,0,1
United States,Oman,0,-62.0,1.0,1.0,-1.0,-1.0,0.01970720720720721,-22.0,-22.0,0.009290540540540543,0.009290540540540543,0,1
Norway,Georgia,0,-34.0,5.0,5.0,-7.0,-7.0,-0.026829268292682937,72.0,72.0,0.036585365853658534,0.036585365853658534,1,0
Spain,Cyprus,0,-108.0,7.0,7.0,-2.0,-2.0,0.08974358974358974,48.0,48.0,0.038461538461538464,0.038461538461538464,1,0
Italy,Ukraine,0,-16.0,0.0,0.0,0.0,0.0,-0.23529411764705882,64.0,64.0,-0.23529411764705882,-0.23529411764705882,1,0
Malta,North Macedonia,1,103.0,0.0,0.0,-1.0,-1.0,-0.11994949494949494,190.0,190.0,-0.10984848484848485,-0.10984848484848485,1,0
Belgium,Estonia,0,-106.0,1.0,1.0,-5.0,-5.0,0.008264462809917356,98.0,98.0,0.024793388429752067,0.024793388429752067,1,0
Sweden,Austria,1,-6.0,4.0,4.0,-1.0,-1.0,0.03894748406943529,-53.0,-53.0,0.020929466051417274,0.020929466051417274,1,0
Switzerland,Andorra,0,-141.0,2.0,2.0,2.0,2.0,0.01834862385321101,11.0,11.0,-0.0010297697060475553,-0.0010297697060475553,1,0
Israel,Belarus,0,-22.0,1.0,1.0,1.0,1.0,0.020833333333333332,-106.0,-106.0,0.014339826839826838,0.014339826839826838,1,0
Romania,Kosovo,0,-61.0,-1.0,-1.0,-1.0,-1.0,-0.14068825910931176,63.0,63.0,-0.06376518218623482,-0.06376518218623482,1,0
China PR,Vietnam,0,-15.0,-1.5,-1.5,1.0,1.0,-0.01648550724637681,19.0,19.0,-0.027573529411764705,-0.027573529411764705,0,1
Wales,Gibraltar,0,-163.0,1.0,1.0,-3.0,-3.0,0.012345679012345678,-29.5,-29.5,0.029051172707889122,0.029051172707889122,0,1
Suriname,Haiti,1,56.0,-0.5,-0.5,0.0,0.0,-0.005805478763508419,58.0,58.0,-0.008654103180967656,-0.008654103180967656,1,0
Grenada,Jamaica,1,116.0,-1.0,-1.0,1.5,1.5,-0.013567784652122002,28.0,28.0,-0.021237964712430012,-0.021237964712430012,1,0
Cuba,Honduras,1,93.0,-0.8333333333333333,-0.8333333333333333,-0.3333333333333333,-0.3333333333333333,-0.007451583942542003,2.0,2.0,0.0073742456920027,0.0073742456920027,1,0
Dominica,British Virgin Islands,1,-22.0,0.0,0.0,-1.0,-1.0,0.0,0.0,0.0,0.0,0.0,1,0
Colombia,Uruguay,1,1.0,-1.5,-1.5,-1.5,-1.5,-0.04431960049937578,8.5,8.5,-0.004934210526315791,-0.004934210526315791,1,0
Bolivia,Ecuador,1,43.0,-0.33333333333333337,-0.33333333333333337,2.3333333333333335,2.3333333333333335,-0.07683073229291716,7.833333333333332,7.833333333333332,-0.09375,-0.09375,1,0
Argentina,Paraguay,0,-48.0,2.0,2.0,-0.5,-0.5,0.032520325203252036,22.5,22.5,0.03176276534710269,0.03176276534710269,1,0
Brazil,Venezuela,1,-54.0,2.5,2.5,0.0,0.0,0.042540792540792544,19.0,19.0,0.05888861568723875,0.05888861568723875,1,0
Chile,Peru,0,11.0,0.5,0.5,1.0,1.0,0.030303030303030304,-9.5,-9.5,0.019207683073229294,0.019207683073229294,1,0
Myanmar,Macau,0,-22.0,0.5,0.5,-2.5,-2.5,0.002857142857142857,-5.5,-5.5,0.011428571428571429,0.011428571428571429,1,0
Algeria,Cape Verde,0,-33.0,-1.5,-1.5,-3.0,-3.0,-0.009351189101824059,-51.0,-51.0,0.08736559139784945,0.08736559139784945,0,1
Egypt,Zambia,0,-50.0,0.0,0.0,0.5,0.5,0.003868385949310804,-43.5,-43.5,0.002871072589382448,0.002871072589382448,0,1
Georgia,Thailand,0,-35.0,-1.0,-1.0,3.0,3.0,0.013507625272331153,-58.0,-58.0,-0.02214285714285714,-0.02214285714285714,0,1
Montenegro,Lebanon,0,-29.0,1.0,1.0,0.5,0.5,0.008665585247161276,4.5,4.5,0.007801226551226552,0.007801226551226552,0,1
Sweden,Moldova,0,-141.0,2.0,2.0,1.0,1.0,0.030198915009041594,-9.0,-9.0,-0.015355772773575499,-0.015355772773575499,0,1
Spain,Scotland,0,-20.0,4.5,4.5,-1.0,-1.0,0.03353964536634326,37.0,37.0,0.019230769230769232,0.019230769230769232,1,0
Cyprus,Norway,1,74.0,-4.0,-4.0,4.0,4.0,-0.05,-60.0,-60.0,-0.0375234521575985,-0.0375234521575985,1,0
Latvia,Armenia,0,44.0,0.0,0.0,2.5,2.5,0.0,14.5,14.5,0.0,0.0,1,0
Faroe Islands,Poland,1,103.0,-1.0,-1.0,0.5,0.5,-0.010309278350515464,-2.0,-2.0,-0.011627906976744186,-0.011627906976744186,1,0
Andorra,Kosovo,1,45.0,-1.0,-1.0,-0.5,-0.5,-0.03278688524590164,25.0,25.0,-0.033359497645211934,-0.033359497645211934,1,0
Belarus,Romania,1,50.0,-1.5,-1.5,0.0,0.0,-0.016216216216216217,22.5,22.5,-0.017093662011576062,-0.017093662011576062,1,0
Curaçao,Panama,1,43.0,-1.5,-1.5,0.0,0.0,-0.015789473684210527,7.0,7.0,-0.022745186352888188,-0.022745186352888188,1,0
Trinidad and Tobago,Guatemala,0,-5.0,1.0,1.0,0.6666666666666667,0.6666666666666667,0.009464500416191386,15.166666666666671,15.166666666666671,0.012085304522013385,0.012085304522013385,1,0
Montserrat,Nicaragua,1,38.0,-2.0,-2.0,2.0,2.0,-0.012578616352201257,0.0,0.0,-0.009868421052631577,-0.009868421052631577,1,0
Barbados,Dominican Republic,1,14.0,0.0,0.0,3.0,3.0,0.0,0.0,0.0,-0.008379888268156424,-0.008379888268156424,1,0
England,Australia,0,-23.0,0.0,0.0,-1.0,-1.0,-0.09259259259259259,15.0,15.0,-0.012499999999999997,-0.012499999999999997,0,1
Equatorial Guinea,Burkina Faso,1,35.0,1.0,1.0,0.5,0.5,0.007874015748031496,47.0,47.0,0.004449358213784921,0.004449358213784921,0,1
Guinea,Guinea-Bissau,0,-31.0,0.0,0.0,1.0,1.0,-0.00040650406504064845,3.0,3.0,-0.01686991869918699,-0.01686991869918699,0,1
Iraq,Qatar,1,11.0,1.0,1.0,0.0,0.0,0.009344115004492361,1.0,1.0,0.009475283811566999,0.009475283811566999,0,1
South Korea,Tunisia,0,-3.0,-2.5,-2.5,-0.5,-0.5,-0.021913216214538456,-46.0,-46.0,-0.012258236627984531,-0.012258236627984531,0,1
Mali,Uganda,0,-41.0,2.0,2.0,0.0,0.0,0.008327095808383235,39.0,39.0,-0.0054734281437125755,-0.0054734281437125755,0,1
Nigeria,Saudi Arabia,1,-15.0,5.5,5.5,-2.0,-2.0,0.018744551002615517,149.0,149.0,0.016129032258064516,0.016129032258064516,0,1
South Africa,Eswatini,1,-83.0,0.5,0.5,0.0,0.0,0.00546448087431694,35.5,35.5,0.008267952489920453,0.008267952489920453,0,1
Vietnam,Uzbekistan,1,21.0,-0.5,-0.5,-2.0,-2.0,-0.11907114624505928,76.5,76.5,-0.026041666666666664,-0.026041666666666664,0,1
Republic of Ireland,Greece,1,3.0,-2.0,-2.0,0.5,0.5,0.08672086720867209,-98.0,-98.0,-0.007575757575757576,-0.007575757575757576,1,0
Netherlands,France,1,5.0,1.0,1.0,-0.5,-0.5,0.0044260422615648165,17.5,17.5,0.03,0.03,1,0
Estonia,Azerbaijan,1,-10.0,-1.0,-1.0,4.0,4.0,-0.022988505747126436,-29.5,-29.5,-0.018292682926829267,-0.018292682926829267,1,0
Austria,Belgium,1,24.0,-1.0,-1.0,1.0,1.0,-0.00447169463396644,-22.5,-22.5,0.04235596406376316,0.04235596406376316,1,0
Iceland,Luxembourg,1,-22.0,-0.5,-0.5,-3.5,-3.5,-0.026228651097943534,37.5,37.5,0.0018054886856042375,0.0018054886856042375,1,0
Portugal,Slovakia,0,-38.0,3.5,3.5,-0.5,-0.5,0.05917534477905995,-36.5,-36.5,0.04126882620129094,0.04126882620129094,1,0
Liechtenstein,Bosnia and Herzegovina,1,138.0,-0.5,-0.5,1.5,1.5,0.0016836752224856548,-79.0,-79.0,-0.0075,-0.0075,1,0
Angola,Mozambique,1,-1.0,-3.0,-3.0,0.0,0.0,-0.03225806451612903,-28.0,-28.0,-0.027628434886499402,-0.027628434886499402,0,1
Puerto Rico,Guyana,1,-5.0,2.8333333333333335,2.8333333333333335,-1.1666666666666667,-1.1666666666666667,0.016449512451680765,7.5,7.5,0.006325949853868635,0.006325949853868635,1,0
Bahamas,Antigua and Barbuda,1,65.0,1.0,1.0,-0.5,-0.5,0.006042296072507554,0.0,0.0,0.0,0.0,1,0
Ivory Coast,Morocco,1,38.0,0.0,0.0,0.0,0.0,-0.011234626300851466,95.0,95.0,-0.0337038789025544,-0.0337038789025544,0,1
Liberia,Libya,1,21.0,0.0,0.0,2.0,2.0,0.005677655677655677,-31.0,-31.0,-0.01098901098901099,-0.01098901098901099,0,1
Mauritania,Madagascar,0,-7.0,2.0,2.0,1.0,1.0,0.023529411764705882,-31.0,-31.0,0.02667342799188641,0.02667342799188641,0,1
Mexico,Ghana,0,-48.0,0.0,0.0,1.5,1.5,0.03125677531256776,-86.5,-86.5,0.003235378235378235,0.003235378235378235,0,1
Sierra Leone,Benin,1,27.0,-1.0,-1.0,-1.0,-1.0,-0.008165445665445668,-5.0,-5.0,0.0,0.0,0,1
United States,Germany,1,-4.0,2.0,2.0,-2.5,-2.5,-0.08874458874458874,62.5,62.5,-0.7091817845242503,-0.7091817845242503,0,1
Ukraine,North Macedonia,0,-44.0,-0.5,-0.5,1.0,1.0,0.1499068901303538,-83.5,-83.5,0.0537280701754386,0.0537280701754386,1,0
Italy,Malta,0,-163.0,1.0,1.0,0.0,0.0,0.02884929715593331,-87.0,-87.0,0.062277183600713014,0.062277183600713014,1,0
Bulgaria,Lithuania,1,-67.0,-1.0,-1.0,-1.0,-1.0,-0.02049731182795699,-1.5,-1.5,-0.007042253521126761,-0.007042253521126761,1,0
Hungary,Serbia,0,11.0,0.0,0.0,-0.5,-0.5,0.057777777777777775,-65.0,-65.0,0.10958333333333332,0.10958333333333332,1,0
Northern Ireland,San Marino,0,-144.0,1.0,1.0,-1.5,-1.5,0.012121212121212121,42.5,42.5,0.0,0.0,1,0
Slovenia,Finland,0,6.0,3.5,3.5,0.5,0.5,0.021281683405069342,74.5,74.5,0.01622596153846154,0.01622596153846154,1,0
Denmark,Kazakhstan,0,-85.0,2.0,2.0,-0.5,-0.5,0.010608045499568649,72.0,72.0,0.011046765734265732,0.011046765734265732,1,0
Honduras,Cuba,0,-93.0,0.6666666666666667,0.6666666666666667,0.25,0.25,0.004591542695013901,24.75,24.75,-0.006943552102418418,-0.006943552102418418,1,0
Haiti,Jamaica,1,29.0,-1.3333333333333335,-1.3333333333333335,0.0,0.0,-0.0125453398517584,11.0,11.0,-0.012220658645495977,-0.012220658645495977,1,0
Suriname,Grenada,0,-31.0,0.0,0.0,-2.0,-2.0,-0.002523919498515342,51.000000000000014,51.000000000000014,0.003416124105779278,0.003416124105779278,1,0
Sudan,Tanzania,1,7.0,0.0,0.0,2.0,2.0,0.0,36.0,36.0,-0.030303030303030304,-0.030303030303030304,0,1
Georgia,Cyprus,0,-40.0,3.3333333333333335,3.3333333333333335,-1.333333333333333,-1.333333333333333,0.05988023952095809,27.666666666666664,27.666666666666664,0.008849557522123894,0.008849557522123894,1,0
Norway,Spain,1,34.0,-1.0,-1.0,0.0,0.0,-0.023206213790029934,17.333333333333343,17.333333333333343,-0.02113821138211383,-0.02113821138211383,1,0
Wales,Croatia,0,29.0,-1.0,-1.0,0.0,0.0,-0.010119047619047618,8.0,8.0,-0.003442742994981804,-0.003442742994981804,1,0
Poland,Moldova,1,-138.0,0.33333333333333326,0.33333333333333326,-0.6666666666666666,-0.6666666666666666,-0.004190684706566547,47.333333333333336,47.333333333333336,-0.0037423148890670943,-0.0037423148890670943,1,0
Switzerland,Belarus,1,-85.0,2.5,2.5,0.6666666666666667,0.6666666666666667,0.019011406844106463,38.83333333333333,38.83333333333333,0.0052184690946158845,0.0052184690946158845,1,0
Romania,Andorra,0,-106.0,1.0,1.0,-1.6666666666666667,-1.6666666666666667,0.01060070671378092,21.0,21.0,0.013560276838886207,0.013560276838886207,1,0
Dominican Republic,Barbados,0,-14.0,1.6666666666666665,1.6666666666666665,-3.6666666666666665,-3.6666666666666665,0.010104973146404406,4.666666666666657,4.666666666666657,0.011610688564313118,0.011610688564313118,1,0
Nicaragua,Montserrat,0,-38.0,2.3333333333333335,2.3333333333333335,-2.333333333333333,-2.333333333333333,0.01358477663365816,12.666666666666657,12.666666666666657,0.012165539547192003,0.012165539547192003,1,0
Turks and Caicos Islands,British Virgin Islands,1,-4.0,-1.5,-1.5,2.0,2.0,-0.0077985917364155714,2.0,2.0,-0.010143133878605251,-0.010143133878605251,1,0
Algeria,Egypt,1,-1.0,1.0,1.0,-0.6666666666666667,-0.6666666666666667,0.017173002095181085,-16.333333333333343,-16.333333333333343,0.054448227324192786,0.054448227324192786,0,1
Botswana,Eswatini,0,1.0,0.0,0.0,3.0,3.0,0.0,-28.5,-28.5,-0.016865079365079364,-0.016865079365079364,0,1
China PR,Uzbekistan,1,6.0,-0.6666666666666667,-0.6666666666666667,-1.3333333333333335,-1.3333333333333335,-0.03314211212516297,69.0,69.0,-0.02532679738562091,-0.02532679738562091,0,1
Mozambique,Nigeria,1,78.0,-2.0,-2.0,0.5,0.5,-0.01419457735247209,-15.5,-15.5,0.0031156016973592077,0.0031156016973592077,0,1
Senegal,Cameroon,0,-24.0,-2.5,-2.5,1.0,1.0,-0.015614617940199336,-54.0,-54.0,-0.017831449126413157,-0.017831449126413157,0,1
Gibraltar,Republic of Ireland,1,145.0,-0.3333333333333333,-0.3333333333333333,1.3333333333333335,1.3333333333333335,-0.016949152542372878,65.66666666666666,65.66666666666666,0.0,0.0,1,0
Greece,Netherlands,1,43.0,0.3333333333333335,0.3333333333333335,0.0,0.0,-0.030011074197120704,51.0,51.0,-0.014949494949494949,-0.014949494949494949,1,0
Azerbaijan,Austria,1,92.0,-0.6666666666666667,-0.6666666666666667,-1.0,-1.0,-0.0110479797979798,2.0,2.0,-0.02430665023453995,-0.02430665023453995,1,0
Belgium,Sweden,1,-18.0,0.0,0.0,-0.6666666666666666,-0.6666666666666666,0.004877495462794916,-14.333333333333329,-14.333333333333329,0.03664966045499725,0.03664966045499725,1,0
Iceland,Liechtenstein,0,-133.0,0.6666666666666667,0.6666666666666667,-1.0000000000000002,-1.0000000000000002,0.006652046783625732,23.0,23.0,0.01987435061012444,0.01987435061012444,1,0
Bosnia and Herzegovina,Portugal,1,53.0,-3.0,-3.0,0.0,0.0,-0.06247294087361486,94.66666666666666,94.66666666666666,-0.043789146545541474,-0.043789146545541474,1,0
Luxembourg,Slovakia,1,42.0,-0.3333333333333335,-0.3333333333333335,2.333333333333333,2.333333333333333,0.005036248155514213,-25.000000000000007,-25.000000000000007,0.01490049751243781,0.01490049751243781,1,0
Panama,Guatemala,0,-62.0,0.41666666666666674,0.41666666666666674,0.0,0.0,0.001374315829728242,17.41666666666667,17.41666666666667,0.007806981414647619,0.007806981414647619,1,0
Curaçao,Trinidad and Tobago,0,-14.0,-1.8333333333333335,-1.8333333333333335,0.16666666666666674,0.16666666666666674,-0.019123204837490554,-16.5,-16.5,-0.03404276408949306,-0.03404276408949306,1,0
Bermuda,Belize,1,-4.0,1.0,1.0,-1.0,-1.0,0.005649717514124294,4.0,4.0,0.01694915254237288,0.01694915254237288,1,0
Antigua and Barbuda,Bahamas,1,-65.0,0.3333333333333335,0.3333333333333335,-0.6666666666666665,-0.6666666666666665,0.0008303881144053945,21.666666666666657,21.666666666666657,0.005076142131979696,0.005076142131979696,1,0
Guyana,Puerto Rico,0,5.0,-1.25,-1.25,0.16666666666666674,0.16666666666666674,-0.006794711486585128,-7.166666666666657,-7.166666666666657,0.0014382520669307137,0.0014382520669307137,1,0
Venezuela,Chile,0,25.0,-0.33333333333333337,-0.33333333333333337,-0.33333333333333337,-0.33333333333333337,-0.026570048309178744,5.0,5.0,0.0642923836201147,0.0642923836201147,1,0
Ecuador,Colombia,1,23.0,0.33333333333333326,0.33333333333333326,0.33333333333333337,0.33333333333333337,0.011428571428571423,-1.6666666666666643,-1.6666666666666643,0.02575433312196153,0.02575433312196153,1,0
Paraguay,Bolivia,0,-34.0,-0.75,-0.75,-2.3333333333333335,-2.3333333333333335,-0.033707865168539325,4.083333333333332,4.083333333333332,0.015873015873015872,0.015873015873015872,1,0
Peru,Argentina,1,20.0,-1.6666666666666667,-1.6666666666666667,1.0,1.0,-0.029069767441860465,-29.333333333333336,-29.333333333333336,-0.05065363494795508,-0.05065363494795508,1,0
Uruguay,Brazil,0,13.0,-0.3333333333333335,-0.3333333333333335,1.0,1.0,0.023937469467513427,-23.999999999999996,-23.999999999999996,-0.014657350469251311,-0.014657350469251311,1,0
Bangladesh,Maldives,0,34.0,-0.33333333333333337,-0.33333333333333337,-0.33333333333333337,-0.33333333333333337,-0.0010266129669114742,-32.66666666666666,-32.66666666666666,0.0011058168444648825,0.0011058168444648825,1,0
Guam,Singapore,1,45.0,0.0,0.0,0.5,0.5,-6.066243377684296e-05,1.5,1.5,-0.007389162561576354,-0.007389162561576354,1,0
Laos,Nepal,1,12.0,0.6666666666666667,0.6666666666666667,0.33333333333333337,0.33333333333333337,0.003741899126514511,6.0,6.0,0.001848421186656481,0.001848421186656481,1,0
Macau,Myanmar,1,22.0,-1.6666666666666667,-1.6666666666666667,3.0,3.0,-0.009358809692176699,-3.6666666666666856,-3.6666666666666856,-0.013113553113553113,-0.013113553113553113,1,0
Mongolia,Afghanistan,1,26.0,-0.75,-0.75,0.25,0.25,-0.004310344827586207,-17.0,-17.0,-0.0067438633012403505,-0.0067438633012403505,1,0
Pakistan,Cambodia,0,25.0,-2.0,-2.0,0.0,0.0,-0.010443864229765013,-15.5,-15.5,-0.005047502248994787,-0.005047502248994787,1,0
Sri Lanka,Yemen,1,48.0,-3.0,-3.0,3.0,3.0,-0.014705882352941176,-48.0,-48.0,-0.014705882352941176,-0.014705882352941176,1,0
Albania,Bulgaria,0,-12.0,1.6666666666666667,1.6666666666666667,-1.6666666666666667,-1.6666666666666667,0.0727036676403765,-53.0,-53.0,0.11538461538461539,0.11538461538461539,0,1
Angola,DR Congo,1,47.0,-0.6666666666666667,-0.6666666666666667,1.1666666666666667,1.1666666666666667,-0.006260695354564047,-14.666666666666671,-14.666666666666671,-0.005514959077300044,-0.005514959077300044,0,1
Bahrain,Philippines,0,-49.0,-1.0,-1.0,1.0,1.0,-0.005466126230457441,-19.5,-19.5,-0.015485091848979967,-0.015485091848979967,0,1
Benin,Madagascar,1,-15.0,1.0,1.0,1.0,1.0,0.00804993291722569,10.0,10.0,-0.00014367816091954023,-0.00014367816091954023,0,1
Burkina Faso,Mauritania,0,-45.0,-2.0,-2.0,-0.6666666666666667,-0.6666666666666667,-0.02072538860103627,-12.833333333333329,-12.833333333333329,-0.025589839026583586,-0.025589839026583586,0,1
Cape Verde,Comoros,1,-64.0,0.5,0.5,3.0,3.0,0.007450076804915516,-6.5,-6.5,-0.011904761904761904,-0.011904761904761904,0,1
Estonia,Thailand,1,-2.0,-1.3333333333333333,-1.3333333333333333,0.3333333333333335,0.3333333333333335,-0.016129032258064516,-33.00000000000001,-33.00000000000001,-0.01476190476190476,-0.01476190476190476,0,1
France,Scotland,0,-28.0,0.3333333333333335,0.3333333333333335,-0.6666666666666667,-0.6666666666666667,0.03636363636363636,-19.0,-19.0,0.15325049111425829,0.15325049111425829,0,1
Guinea,Gabon,1,-4.0,0.5,0.5,-1.0,-1.0,0.002864967347798609,16.5,16.5,0.017457897793263646,0.017457897793263646,0,1
Ivory Coast,South Africa,1,-11.0,0.6666666666666667,0.6666666666666667,0.5,0.5,0.009081698443400572,-27.16666666666667,-27.16666666666667,0.025948225294516212,0.025948225294516212,0,1
South Korea,Vietnam,0,-67.0,1.0,1.0,-1.3333333333333333,-1.3333333333333333,0.03366666666666667,-43.33333333333333,-43.33333333333333,0.04988372589179041,0.04988372589179041,0,1
Libya,Niger,1,-1.0,0.5,0.5,0.5,0.5,0.0063197350069735,-24.5,-24.5,0.007976579405150836,0.007976579405150836,0,1
Mali,Saudi Arabia,0,-3.0,1.5,1.5,-2.0,-2.0,-0.00724365326135238,91.83333333333334,91.83333333333334,0.016739375207222122,0.016739375207222122,0,1
Mexico,Germany,1,-3.0,0.3333333333333335,0.3333333333333335,-0.33333333333333326,-0.33333333333333326,-0.1383399209486166,42.666666666666664,42.666666666666664,-0.5573922407255741,-0.5573922407255741,0,1
North Macedonia,Armenia,0,-22.0,1.0,1.0,-0.5,-0.5,0.014778325123152709,-2.3333333333333286,-2.3333333333333286,0.04751461988304093,0.04751461988304093,0,1
Somalia,Sierra Leone,1,76.0,-1.0,-1.0,1.5,1.5,-0.00975609756097561,25.5,25.5,-0.005376344086021506,-0.005376344086021506,0,1
Syria,Kuwait,1,-43.0,-1.5,-1.5,0.0,0.0,-0.02099483204134367,22.0,22.0,-0.012457250341997263,-0.012457250341997263,0,1
United Arab Emirates,Lebanon,0,-28.0,2.666666666666667,2.666666666666667,-0.6666666666666667,-0.6666666666666667,0.07282224612075587,-48.33333333333333,-48.33333333333333,0.05511638120333772,0.05511638120333772,0,1
United States,Ghana,0,-49.0,0.9999999999999998,0.9999999999999998,-0.33333333333333326,-0.33333333333333326,0.031900198566865226,-41.33333333333333,-41.33333333333333,0.012518878957235122,0.012518878957235122,0,1
Zambia,Uganda,0,-8.0,-0.5,-0.5,0.5,0.5,-0.0050756233819321435,-7.5,-7.5,-0.007872596153846154,-0.007872596153846154,0,1
Morocco,Liberia,0,-134.0,-0.5,-0.5,-2.5,-2.5,0.002475737769855414,-39.5,-39.5,0.0364010989010989,0.0364010989010989,1,0
England,Italy,0,-4.0,-0.6666666666666667,-0.6666666666666667,0.0,0.0,0.03511242547997935,-60.66666666666667,-60.66666666666667,0.031842678591904594,0.031842678591904594,1,0
Malta,Ukraine,1,147.0,-1.0,-1.0,1.0,1.0,-0.04635036496350364,64.66666666666666,64.66666666666666,-0.09298871063576945,-0.09298871063576945,1,0
Serbia,Montenegro,0,-46.0,-0.6666666666666667,-0.6666666666666667,0.0,0.0,0.0013412945655936308,-35.0,-35.0,-0.018357383357383357,-0.018357383357383357,1,0
Lithuania,Hungary,1,108.0,-0.33333333333333326,-0.33333333333333326,0.6666666666666667,0.6666666666666667,-0.05109826589595376,32.666666666666664,32.666666666666664,-0.10231815133223583,-0.10231815133223583,1,0
Finland,Kazakhstan,1,-49.0,-0.3333333333333333,-0.3333333333333333,0.0,0.0,-0.009057971014492752,15.333333333333336,15.333333333333336,-0.006009615384615384,-0.006009615384615384,1,0
Northern Ireland,Slovenia,1,3.0,-1.9999999999999998,-1.9999999999999998,1.0,1.0,-0.02023431799362143,15.333333333333329,15.333333333333329,-0.033806818181818174,-0.033806818181818174,1,0
San Marino,Denmark,1,189.0,-2.6666666666666665,-2.6666666666666665,3.333333333333333,3.333333333333333,-0.021798365122615803,-74.33333333333333,-74.33333333333333,-0.03260489510489511,-0.03260489510489511,1,0
United Arab Emirates,Kuwait,0,-65.0,0.5,0.5,0.0,0.0,0.013318112633181126,-17.0,-17.0,0.014209388378546996,0.014209388378546996,0,1
Guatemala,Jamaica,1,49.0,-1.5,-1.5,0.1499999999999999,0.1499999999999999,-0.00896833669504948,-37.55,-37.55,-0.010322178573160682,-0.010322178573160682,0,1
Kosovo,Israel,0,33.0,0.6666666666666667,0.6666666666666667,0.8333333333333333,0.8333333333333333,0.009557183816502071,-1.3333333333333286,-1.3333333333333286,0.0064117430188858765,0.0064117430188858765,1,0
Ethiopia,Sierra Leone,1,22.0,-0.33333333333333326,-0.33333333333333326,-0.5,-0.5,-7.407224512974951e-05,-32.66666666666666,-32.66666666666666,0.0002423012215638943,0.0002423012215638943,1,0
DR Congo,Mauritania,0,-32.0,-1.0,-1.0,-1.0,-1.0,-0.013628708381914757,20.33333333333333,20.33333333333333,-0.010516814136961853,-0.010516814136961853,1,0
Equatorial Guinea,Namibia,0,-23.0,0.5,0.5,0.5,0.5,0.00546448087431694,28.5,28.5,-0.003007436570428696,-0.003007436570428696,1,0
Belgium,Serbia,0,-20.0,0.5,0.5,-0.75,-0.75,0.007336703145703491,-0.75,-0.75,0.033915024432079846,0.033915024432079846,0,1
Israel,Switzerland,1,63.0,-2.0,-2.0,-1.0,-1.0,-0.014317527565042638,-35.33333333333333,-35.33333333333333,0.004195555063838159,0.004195555063838159,1,0
British Virgin Islands,Dominica,1,22.0,0.0,0.0,0.8333333333333333,0.8333333333333333,0.00040016006402560957,-8.0,-8.0,-0.001440672771371691,-0.001440672771371691,1,0
Costa Rica,Panama,1,1.0,0.0,0.0,1.75,1.75,0.010966810966810965,-33.25,-33.25,0.0008731115342138843,0.0008731115342138843,1,0
United States,Trinidad and Tobago,0,-91.0,0.5,0.5,-1.5,-1.5,0.02612109316019931,-34.0,-34.0,0.007377034670755071,0.007377034670755071,1,0
Bolivia,Peru,0,62.0,0.6,0.6,1.35,1.35,0.021739130434782608,6.350000000000001,6.350000000000001,-0.00510204081632653,-0.00510204081632653,1,0
Venezuela,Ecuador,1,17.0,0.25,0.25,-0.25,-0.25,0.015316916307015316,-4.0,-4.0,0.05145992885105849,0.05145992885105849,1,0
Colombia,Brazil,0,14.0,-1.0,-1.0,-0.5,-0.5,-0.018858367426456267,-8.0,-8.0,-0.006291000468037565,-0.006291000468037565,1,0
Argentina,Uruguay,1,-15.0,-0.25,-0.25,-1.25,-1.25,-0.050687091687316964,25.25,25.25,-0.20933682961136263,-0.20933682961136263,1,0
Chile,Paraguay,1,-17.0,0.5,0.5,1.0,1.0,0.02085418752085419,-12.75,-12.75,0.029479261584151734,0.029479261584151734,1,0
Qatar,Afghanistan,0,-98.0,-0.30000000000000004,-0.30000000000000004,0.4,0.4,0.0011636600032504472,-88.30000000000001,-88.30000000000001,-0.0015309220227253022,-0.0015309220227253022,1,0
Kuwait,India,1,38.0,0.6666666666666667,0.6666666666666667,-0.5,-0.5,0.008076563958916903,-1.0,-1.0,0.015123347706227468,0.015123347706227468,1,0
Japan,Myanmar,0,-140.0,2.5,2.5,0.75,0.75,0.1295276731382208,-149.5,-149.5,0.12367492972144137,0.12367492972144137,1,0
Thailand,China PR,1,33.0,0.25,0.25,2.0,2.0,0.0039025139450297053,-10.0,-10.0,0.0035907086874579115,0.0035907086874579115,1,0
South Korea,Singapore,0,-130.0,1.75,1.75,-1.0,-1.0,0.04534883720930233,-118.25,-118.25,0.0432678145121796,0.0432678145121796,1,0
Turkmenistan,Uzbekistan,1,64.0,-1.25,-1.25,-0.25,-0.25,-0.031116247217942133,68.5,68.5,-0.03228911668706651,-0.03228911668706651,1,0
Iraq,Indonesia,0,-80.0,-0.6666666666666667,-0.6666666666666667,1.3333333333333333,1.3333333333333333,0.00026739397828760836,-47.66666666666667,-47.66666666666667,-0.009772557046280316,-0.009772557046280316,1,0
Philippines,Vietnam,1,40.0,0.5,0.5,-1.5,-1.5,0.001036208070580573,52.0,52.0,0.0017416401273885346,0.0017416401273885346,1,0
Tajikistan,Jordan,1,28.0,1.5,1.5,-4.0,-4.0,0.006597621787495205,75.5,75.5,0.0189873417721519,0.0189873417721519,1,0
Saudi Arabia,Pakistan,0,-147.0,0.5,0.5,2.25,2.25,0.021549334811529933,-135.0,-135.0,-0.004953379953379954,-0.004953379953379954,1,0
United Arab Emirates,Nepal,0,-103.0,1.8333333333333335,1.8333333333333335,0.16666666666666663,0.16666666666666663,0.021853137951752023,-79.16666666666667,-79.16666666666667,0.032128306924887606,0.032128306924887606,1,0
Yemen,Bahrain,1,70.0,1.0,1.0,-0.8333333333333333,-0.8333333333333333,0.002486848397895743,67.33333333333334,67.33333333333334,-1.8944775978024797e-05,-1.8944775978024797e-05,1,0
Lebanon,Palestine,1,4.0,0.75,0.75,-0.25,-0.25,0.00813212608987257,4.75,4.75,0.007575757575757576,0.007575757575757576,1,0
Australia,Bangladesh,0,-162.0,0.0,0.0,0.75,0.75,0.11858974358974358,-148.0,-148.0,0.03203034038764468,0.03203034038764468,1,0
Sudan,Togo,1,9.0,-2.3333333333333335,-2.3333333333333335,-1.0,-1.0,-0.040106951871657755,58.66666666666667,58.66666666666667,-0.03724151153308167,-0.03724151153308167,1,0
Nigeria,Lesotho,1,-112.0,3.6666666666666665,3.6666666666666665,0.33333333333333326,0.33333333333333326,0.030812324929971987,67.0,67.0,0.02009619213920289,0.02009619213920289,1,0
Cape Verde,Angola,1,-50.0,1.0833333333333333,1.0833333333333333,2.0833333333333335,2.0833333333333335,0.010870530757272928,16.0,16.0,-0.008074755357364053,-0.008074755357364053,1,0
Burundi,Gambia,0,21.0,-2.0,-2.0,1.0,1.0,-0.018867924528301886,-64.0,-64.0,-0.009433962264150943,-0.009433962264150943,1,0
Gabon,Kenya,0,-20.0,0.0,0.0,0.5,0.5,0.002139453466887096,-22.0,-22.0,-0.019250889307386485,-0.019250889307386485,1,0
Botswana,Mozambique,1,30.0,-1.0,-1.0,0.0,0.0,-0.012894113358848186,5.833333333333329,5.833333333333329,-0.0033522787876940907,-0.0033522787876940907,1,0
Algeria,Somalia,0,-163.0,1.75,1.75,-2.0,-2.0,0.028925619834710745,-63.5,-63.5,0.06239937323903168,0.06239937323903168,1,0
Curaçao,El Salvador,1,13.0,1.0,1.0,-0.5,-0.5,0.014527007551738054,-21.5,-21.5,0.00980392156862745,0.00980392156862745,0,1
Norway,Faroe Islands,0,-85.0,3.0,3.0,-1.1666666666666667,-1.1666666666666667,0.041666666666666664,0.0,0.0,0.02511765828218908,0.02511765828218908,0,1
Cyprus,Spain,1,108.0,-4.0,-4.0,4.0,4.0,-0.05925925925925926,-27.0,-27.0,-0.058016771364228996,-0.058016771364228996,1,0
Georgia,Scotland,1,48.0,2.25,2.25,0.0,0.0,0.011809374181722967,37.75,37.75,0.00663716814159292,0.00663716814159292,1,0
Estonia,Austria,1,82.0,-1.5,-1.5,2.0,2.0,-0.018547423359266395,-12.75,-12.75,-0.03811904362298339,-0.03811904362298339,1,0
Azerbaijan,Sweden,0,98.0,-1.5,-1.5,-0.5,-0.5,-0.014741314172476223,-20.5,-20.5,-0.04542682926829268,-0.04542682926829268,1,0
Bulgaria,Hungary,1,41.0,-1.75,-1.75,0.41666666666666674,0.41666666666666674,-0.027616576773400695,10.833333333333329,10.833333333333329,-0.08231481481481481,-0.08231481481481481,1,0
Montenegro,Lithuania,0,-73.0,0.25,0.25,0.25,0.25,-0.010371435683270185,34.25,34.25,-0.0012294600938967115,-0.0012294600938967115,1,0
Liechtenstein,Portugal,1,191.0,-4.25,-4.25,2.25,2.25,-0.06926770708283314,-1.75,-1.75,-0.052438634102704496,-0.052438634102704496,1,0
Luxembourg,Bosnia and Herzegovina,0,27.0,0.0,0.0,1.25,1.25,0.012649270234409553,-71.5,-71.5,0.007425373134328358,0.007425373134328358,1,0
Slovakia,Iceland,0,-20.0,-0.25,-0.25,0.0,0.0,0.003634883032277169,-33.25,-33.25,-0.006478796665458499,-0.006478796665458499,1,0
Montserrat,Dominican Republic,0,27.0,-2.5,-2.5,1.75,1.75,-0.014938650306748465,-13.0,-13.0,-0.008708016423234839,-0.008708016423234839,1,0
Barbados,Nicaragua,1,25.0,-2.0,-2.0,4.25,4.25,-0.01121794871794872,-13.0,-13.0,-0.01783217108362884,-0.01783217108362884,1,0
Honduras,Mexico,0,67.0,-0.6499999999999999,-0.6499999999999999,-1.55,-1.55,-0.03942333288965793,92.6,92.6,-0.03183570677303299,-0.03183570677303299,1,0
Burkina Faso,Guinea-Bissau,1,-56.0,-0.5,-0.5,-0.5,-0.5,-0.004268430574400723,-12.5,-12.5,-0.0006146759113665398,-0.0006146759113665398,1,0
Eswatini,Libya,1,19.0,-1.3333333333333335,-1.3333333333333335,-0.6666666666666666,-0.6666666666666666,-0.009864579705394278,-33.66666666666666,-33.66666666666666,-0.0017805408430408443,-0.0017805408430408443,1,0
Zambia,Congo,0,-22.0,-0.6666666666666667,-0.6666666666666667,-1.3333333333333335,-1.3333333333333335,-0.0011817226890756295,-33.66666666666667,-33.66666666666667,0.005030306436956053,0.005030306436956053,1,0
Guinea,Uganda,0,-11.0,0.6666666666666666,0.6666666666666666,-0.33333333333333326,-0.33333333333333326,0.004895437262357414,19.0,19.0,0.007747667156293414,0.007747667156293414,1,0
Liberia,Malawi,1,25.0,-1.0,-1.0,1.0,1.0,-0.009765984890362999,-14.0,-14.0,-0.012345679012345678,-0.012345679012345678,1,0
Tunisia,São Tomé and Príncipe,0,-155.0,2.0,2.0,-4.333333333333333,-4.333333333333333,0.028708133971291863,30.66666666666667,30.66666666666667,0.03621448579431773,0.03621448579431773,1,0
Comoros,Central African Republic,0,4.0,0.5,0.5,-1.0,-1.0,0.003333333333333334,15.0,15.0,0.02867965367965368,0.02867965367965368,1,0
Ghana,Madagascar,0,-48.0,0.25,0.25,1.0,1.0,0.007157597480178125,-29.08333333333333,-29.08333333333333,-0.0026063028704852963,-0.0026063028704852963,1,0
Mali,Chad,0,-130.0,2.6666666666666665,2.6666666666666665,-0.6666666666666667,-0.6666666666666667,0.025559105431309903,-26.66666666666667,-26.66666666666667,0.035376107688005635,0.035376107688005635,1,0
England,Malta,0,-167.0,1.5,1.5,-1.5,-1.5,0.08317623105346504,-52.25,-52.25,0.15315656565656566,0.15315656565656566,1,0
Italy,North Macedonia,0,-60.0,0.5,0.5,0.25,0.25,0.009484731116820699,-6.5,-6.5,-0.0046568627450980365,-0.0046568627450980365,1,0
Moldova,Albania,1,99.0,-1.0,-1.0,1.25,1.25,-0.019511279958726136,0.25,0.25,-0.053122799413898046,-0.053122799413898046,1,0
Finland,Northern Ireland,0,-9.0,-0.75,-0.75,0.0,0.0,-0.0045762928827444965,-36.5,-36.5,0.003605769230769231,0.003605769230769231,1,0
Denmark,Slovenia,0,-42.0,-0.5,-0.5,0.0,0.0,-0.01329923273657289,46.0,46.0,-0.012620192307692304,-0.012620192307692304,1,0
Kazakhstan,San Marino,0,-104.0,0.75,0.75,-2.0,-2.0,0.014590419275882897,7.5,7.5,0.025355113636363634,0.025355113636363634,1,0
Antigua and Barbuda,Puerto Rico,1,-31.0,-1.5,-1.5,1.5,1.5,-0.009893699766658024,15.0,15.0,-0.004412782648823258,-0.004412782648823258,1,0
Jamaica,Canada,1,15.0,1.0,1.0,-3.0,-3.0,-0.03127340823970037,86.8,86.8,0.022107773748284976,0.022107773748284976,1,0
Senegal,South Sudan,0,-149.0,0.16666666666666663,0.16666666666666663,-1.3333333333333335,-1.3333333333333335,0.0029355379822669538,-6.666666666666671,-6.666666666666671,0.011921891058581704,0.011921891058581704,1,0
South Africa,Benin,0,-30.0,-0.8333333333333333,-0.8333333333333333,-1.75,-1.75,-0.0063448590665297275,-19.75,-19.75,0.016804790970569472,0.016804790970569472,1,0
Niger,Tanzania,1,4.0,0.8333333333333333,0.8333333333333333,0.5,0.5,0.0035409932412577127,56.33333333333334,56.33333333333334,-0.011241596312307894,-0.011241596312307894,1,0
France,Gibraltar,0,-196.0,2.25,2.25,-2.5,-2.5,0.08571428571428572,-51.0,-51.0,0.14629380053908356,0.14629380053908356,1,0
Netherlands,Republic of Ireland,0,-46.0,0.5,0.5,-0.75,-0.75,0.025706037404292705,-25.5,-25.5,0.040363064608347626,0.040363064608347626,1,0
Armenia,Wales,1,55.0,-1.6666666666666667,-1.6666666666666667,1.75,1.75,-0.01705023118957545,-22.16666666666667,-22.16666666666667,-0.14331346514182333,-0.14331346514182333,1,0
Latvia,Croatia,1,128.0,-1.666666666666667,-1.666666666666667,1.666666666666667,1.666666666666667,-0.011759851454507945,-42.666666666666664,-42.666666666666664,-0.007462686567164178,-0.007462686567164178,1,0
Belarus,Andorra,0,-56.0,0.75,0.75,-1.5,-1.5,0.010309278350515464,5.75,5.75,0.023511458779315923,0.023511458779315923,1,0
Switzerland,Kosovo,1,-96.0,0.75,0.75,0.5,0.5,-2.3591025973719593e-05,36.5,36.5,-0.02096511820937564,-0.02096511820937564,1,0
Israel,Romania,1,28.0,-1.0,-1.0,0.5,0.5,-0.004824276785409339,-42.25,-42.25,0.014500805881134574,0.014500805881134574,1,0
Sierra Leone,Egypt,1,86.0,-1.0,-1.0,-0.050000000000000044,-0.050000000000000044,-0.013423538285416736,39.55,39.55,-0.012294910537146424,-0.012294910537146424,1,0
Sudan,DR Congo,0,62.0,-0.25,-0.25,0.75,0.75,-0.003683973000549408,21.25,21.25,-0.007097150058778489,-0.007097150058778489,1,0
Zimbabwe,Nigeria,1,86.0,-3.0,-3.0,-1.25,-1.25,-0.023622047244094488,12.0,12.0,-0.009533528639158469,-0.009533528639158469,1,0
Burundi,Gabon,1,55.0,0.16666666666666674,0.16666666666666674,1.1666666666666667,1.1666666666666667,0.004696258142705653,-15.166666666666671,-15.166666666666671,-0.0010339938444513582,-0.0010339938444513582,1,0
Mozambique,Algeria,1,84.0,0.25,0.25,1.4,1.4,-4.624010172822601e-05,11.150000000000006,11.150000000000006,-0.03765899372186937,-0.03765899372186937,1,0
Cyprus,Lithuania,0,-26.0,-1.2,-1.2,2.2,2.2,-0.019186046511627905,-21.6,-21.6,-0.016164664756214052,-0.016164664756214052,0,1
Scotland,Norway,1,-14.0,-1.4,-1.4,1.8000000000000003,1.8000000000000003,-0.0005542735622822426,-41.00000000000001,-41.00000000000001,-0.017096441089634512,-0.017096441089634512,1,0
Spain,Georgia,0,-68.0,0.5999999999999996,0.5999999999999996,-1.8000000000000003,-1.8000000000000003,-0.0018245786287023405,14.599999999999994,14.599999999999994,0.03443701591144219,0.03443701591144219,1,0
Belgium,Azerbaijan,0,-116.0,0.8000000000000003,0.8000000000000003,0.0,0.0,0.007598705501618133,11.799999999999997,11.799999999999997,0.024939955339806412,0.024939955339806412,1,0
Sweden,Estonia,0,-88.0,1.8,1.8,-1.4,-1.4,0.019819387836649882,27.799999999999997,27.799999999999997,0.04729403048634648,0.04729403048634648,1,0
Hungary,Montenegro,0,-35.0,0.0,0.0,-0.10000000000000009,-0.10000000000000009,0.009112131937645908,-30.25,-30.25,0.045635101010101,0.045635101010101,1,0
Serbia,Bulgaria,1,-52.0,1.0,1.0,-0.40000000000000013,-0.40000000000000013,0.01852152062900219,-9.199999999999996,-9.199999999999996,0.007061815336463223,0.007061815336463223,1,0
Portugal,Iceland,0,-58.0,2.2,2.2,-1.2000000000000002,-1.2000000000000002,0.026463327411577416,-8.400000000000006,-8.400000000000006,0.03002629691608893,0.03002629691608893,1,0
Bosnia and Herzegovina,Slovakia,1,15.0,-1.0,-1.0,1.0000000000000002,1.0000000000000002,-0.01788841039231461,38.2,38.2,-0.012696796914304876,-0.012696796914304876,1,0
Liechtenstein,Luxembourg,1,111.0,-1.4000000000000001,-1.4000000000000001,0.0,0.0,-0.027697448750080334,-1.0,-1.0,-0.021617717862301395,-0.021617717862301395,1,0
Montserrat,Barbados,0,13.0,0.0,0.0,-2.0000000000000004,-2.0000000000000004,0.00011298845779446516,-2.5999999999999943,-2.5999999999999943,0.007561826252377932,0.007561826252377932,1,0
Aruba,Cayman Islands,0,6.0,1.0,1.0,-1.0,-1.0,0.0053375686723774315,-6.0,-6.0,0.015544041450777202,0.015544041450777202,1,0
Dominica,Turks and Caicos Islands,0,-18.0,1.0,1.0,-2.0,-2.0,0.004738429923704174,6.0,6.0,0.009804863981543784,0.009804863981543784,1,0
Panama,Costa Rica,0,-1.0,0.8666666666666669,0.8666666666666669,-2.0666666666666664,-2.0666666666666664,0.002130228897843995,29.200000000000003,29.200000000000003,0.016048692737202157,0.016048692737202157,1,0
Trinidad and Tobago,United States,0,91.0,-1.0,-1.0,1.7999999999999998,1.7999999999999998,-0.019196025293586272,9.0,9.0,-0.011783980677780519,-0.011783980677780519,1,0
Djibouti,Guinea-Bissau,1,79.0,-1.0,-1.0,5.0,5.0,-0.011673151750972763,-51.66666666666667,-51.66666666666667,-0.014285714285714285,-0.014285714285714285,1,0
Gambia,Ivory Coast,1,67.0,-1.0,-1.0,2.0,2.0,-0.012175856355719952,17.5,17.5,-0.025941282491983197,-0.025941282491983197,1,0
Seychelles,Kenya,1,89.0,-1.0,-1.0,7.666666666666667,7.666666666666667,-0.009646302250803858,-51.66666666666667,-51.66666666666667,-0.01694915254237288,-0.01694915254237288,1,0
Liberia,Equatorial Guinea,1,57.0,0.08333333333333337,0.08333333333333337,2.1666666666666665,2.1666666666666665,0.002525252525252525,-18.0,-18.0,-0.017348982692952854,-0.017348982692952854,1,0
Mali,Central African Republic,1,-75.0,1.25,1.25,-2.5,-2.5,0.006477732793522265,28.5,28.5,0.030675727174844,0.030675727174844,1,0
Chad,Madagascar,1,73.0,-0.25,-0.25,1.0,1.0,-0.0026136026136026136,-1.5,-1.5,-0.010219688542825362,-0.010219688542825362,1,0
Curaçao,El Salvador,1,13.0,0.75,0.75,-0.25,-0.25,0.011503928170594835,-18.0,-18.0,0.006898395721925134,0.006898395721925134,0,1
North Macedonia,England,1,64.0,-0.3999999999999999,-0.3999999999999999,1.2000000000000002,1.2000000000000002,-0.011883465371837466,8.200000000000003,8.200000000000003,-0.09388888888888888,-0.09388888888888888,1,0
Ukraine,Italy,1,16.0,-0.8500000000000001,-0.8500000000000001,-0.3999999999999999,-0.3999999999999999,-0.010917523934114288,-4.25,-4.25,0.03764189886480908,0.03764189886480908,1,0
Albania,Faroe Islands,1,-64.0,1.6666666666666667,1.6666666666666667,-1.4166666666666667,-1.4166666666666667,0.018726591760299626,24.0,24.0,0.0534810717737547,0.0534810717737547,1,0
Northern Ireland,Denmark,0,45.0,-1.4,-1.4,1.4,1.4,-0.008642975653046262,-29.400000000000006,-29.400000000000006,-0.02939900263670756,-0.02939900263670756,1,0
San Marino,Finland,1,153.0,-0.7999999999999999,-0.7999999999999999,2.0,2.0,-0.009554817841334693,-17.000000000000007,-17.000000000000007,-0.015144230769230771,-0.015144230769230771,1,0
Slovenia,Kazakhstan,0,-43.0,1.2000000000000002,1.2000000000000002,-0.3999999999999999,-0.3999999999999999,0.014250957970926344,1.7999999999999972,1.7999999999999972,0.009375000000000001,0.009375000000000001,1,0
Nicaragua,Dominican Republic,1,-11.0,0.6000000000000001,0.6000000000000001,-1.0,-1.0,0.0033428516711399986,2.200000000000017,2.200000000000017,0.0072993237283152,0.0072993237283152,1,0
Guyana,Antigua and Barbuda,0,36.0,0.9999999999999998,0.9999999999999998,-1.8000000000000003,-1.8000000000000003,0.007430736884940146,-18.19999999999999,-18.19999999999999,0.010892189309242658,0.010892189309242658,1,0
Puerto Rico,Bahamas,0,-34.0,1.7000000000000002,1.7000000000000002,-1.95,-1.95,0.009991248695212089,10.650000000000006,10.650000000000006,0.010242654976157515,0.010242654976157515,1,0
Canada,Jamaica,1,-15.0,-0.33333333333333326,-0.5,1.3333333333333333,1.1,0.019397413678176247,-57.16666666666667,-60.599999999999994,0.0074389241752797625,0.011349231926093026,1,0
Mexico,Honduras,0,-67.0,0.1333333333333333,-0.19999999999999996,1.6333333333333333,1.6,0.02090562843842573,-64.83333333333333,-66.6,-0.016530387832615977,-0.02465599520932319,1,0
Ecuador,Chile,0,8.0,0.20000000000000007,0.20000000000000007,-0.6,-0.6,0.004238505747126441,2.799999999999997,2.799999999999997,0.015584626367985362,0.015584626367985362,1,0
Paraguay,Colombia,1,32.0,-0.8,-0.8,-0.19999999999999996,-0.19999999999999996,-0.028629144608526044,9.199999999999996,9.199999999999996,-0.21127359060301354,-0.21127359060301354,1,0
Uruguay,Bolivia,0,-67.0,1.1666666666666665,1.2,-1.1666666666666665,-1.2000000000000002,0.07608034083992696,-7.899999999999999,-4.199999999999999,0.806705182072829,0.8019432773109243,1,0
Peru,Venezuela,1,-36.0,-1.0,-1.0,0.9999999999999999,0.9999999999999999,-0.03546099290780142,5.400000000000002,5.400000000000002,-0.09857993197278911,-0.09857993197278911,1,0
Brazil,Argentina,1,2.0,0.20000000000000018,0.20000000000000018,0.7999999999999999,0.7999999999999999,0.0077442904355546835,-3.0,-3.0,-0.023736126029359116,-0.023736126029359116,1,0
India,Qatar,1,40.0,-2.0,-2.0,0.0,0.0,-0.01733644676425572,-8.333333333333343,-8.333333333333343,0.0009298433214003435,0.0009298433214003435,1,0
Afghanistan,Kuwait,1,20.0,-0.41666666666666663,-0.25,0.8333333333333333,1.2000000000000002,-0.008914523839896975,68.58333333333334,62.05000000000001,-0.009471504332161422,-0.009084075529432072,1,0
Syria,Japan,1,74.0,-3.0,-3.0,0.6666666666666666,0.6666666666666666,-0.04830158276372897,45.0,45.0,-0.08122150022799818,-0.08122150022799818,1,0
China PR,South Korea,1,52.0,-2.0,-2.0,1.0,1.0,-0.031176692359249338,27.80000000000001,27.80000000000001,-0.03319738114093618,-0.03319738114093618,1,0
Singapore,Thailand,1,45.0,-0.44999999999999996,-0.44999999999999996,-0.7999999999999998,-0.7999999999999998,-0.008152720085756397,48.2,48.2,-0.0032697820973683032,-0.0032697820973683032,1,0
Uzbekistan,Iran,1,52.0,-0.5,-0.5,1.6,1.6,0.003855169010609425,-29.299999999999997,-29.299999999999997,0.0024187282640293004,0.0024187282640293004,1,0
Philippines,Indonesia,1,-15.0,-0.8333333333333334,-0.8333333333333334,-1.1666666666666667,-1.1666666666666667,-0.008505917159763315,8.666666666666671,8.666666666666671,-0.004500138465798948,-0.004500138465798948,1,0
Vietnam,Iraq,1,25.0,-1.45,-1.45,0.75,0.75,-0.011692442184813051,-22.650000000000006,-22.650000000000006,-0.003280485596932274,-0.003280485596932274,1,0
Pakistan,Tajikistan,1,91.0,-1.1666666666666667,-1.1666666666666667,0.8333333333333333,0.8333333333333333,-0.010036945812807882,15.333333333333343,15.333333333333343,-0.00801547428592813,-0.00801547428592813,1,0
Jordan,Saudi Arabia,1,28.0,-0.9333333333333335,-0.9333333333333335,1.2,1.2,-0.014645080946450811,18.66666666666667,18.66666666666667,-0.00508297672476777,-0.00508297672476777,1,0
Bahrain,United Arab Emirates,1,14.0,-1.5,-1.5,0.5,0.5,-0.015183544987424198,27.0,27.0,-0.021389672600399354,-0.021389672600399354,1,0
Nepal,Yemen,1,19.0,-0.9333333333333332,-0.9333333333333332,0.19999999999999996,0.19999999999999996,-0.00548619993446158,-11.466666666666669,-11.466666666666669,-0.00100787284610814,-0.00100787284610814,1,0
Palestine,Australia,1,69.0,-2.6666666666666665,-2.6666666666666665,0.33333333333333326,0.33333333333333326,-0.04017109574080816,21.0,21.0,-0.029735449735449733,-0.029735449735449733,1,0
Bangladesh,Lebanon,1,89.0,-0.19999999999999996,-0.19999999999999996,0.6000000000000001,0.6000000000000001,-0.004942081259941211,39.999999999999986,39.999999999999986,-0.0004348783707218062,-0.0004348783707218062,1,0
Ethiopia,Burkina Faso,1,86.0,0.06666666666666665,0.06666666666666665,-0.26666666666666666,-0.26666666666666666,-0.0002543371171557082,14.533333333333331,14.533333333333331,-0.002563814826462325,-0.002563814826462325,1,0
South Sudan,Mauritania,1,66.0,-0.9166666666666667,-0.9166666666666667,1.1666666666666665,1.1666666666666665,-0.009976144003469963,-21.5,-21.5,-0.006244164332399627,-0.006244164332399627,1,0
Togo,Senegal,1,104.0,0.5,0.5,1.0,1.0,0.004556537031855788,3.25,3.25,0.0023973446481086493,0.0023973446481086493,1,0
Lesotho,Benin,1,58.0,-0.75,-0.75,-1.0,-1.0,-0.0012658909717733237,-56.5,-56.5,0.010737179487179487,0.010737179487179487,1,0
Rwanda,South Africa,0,76.0,-0.30000000000000004,-0.30000000000000004,0.09999999999999998,0.09999999999999998,-0.001445811572393852,-23.299999999999997,-23.299999999999997,0.009660109875874172,0.009660109875874172,1,0
Eswatini,Cape Verde,1,80.0,-0.75,-0.75,-1.75,-1.75,-0.0074305330820531364,-2.0,-2.0,0.006277367268746579,0.006277367268746579,1,0
Libya,Cameroon,1,85.0,-0.5,-0.5,0.6666666666666667,0.6666666666666667,-0.0060555728571922915,15.583333333333329,15.583333333333329,0.0022065189177774783,0.0022065189177774783,1,0
Mauritius,Angola,1,64.0,-0.2,-0.2,2.0,2.0,-0.002617801047120419,-34.400000000000006,-34.400000000000006,-0.009490107316194273,-0.009490107316194273,1,0
Niger,Zambia,0,44.0,-1.0,-1.0,0.0,0.0,-0.014678297235519017,44.25,44.25,-0.011355687984980836,-0.011355687984980836,1,0
Tanzania,Morocco,1,110.0,-1.0,-1.0,0.0,0.0,-0.012681934931506853,12.0,12.0,-0.010566116661059409,-0.010566116661059409,1,0
Somalia,Uganda,1,104.0,-0.4166666666666667,-0.4166666666666667,1.1666666666666665,1.1666666666666665,-0.005162211371348175,7.666666666666671,7.666666666666671,-0.005859375,-0.005859375,1,0
Botswana,Guinea,0,66.0,-0.16666666666666674,-0.16666666666666674,1.3333333333333335,1.3333333333333335,-0.0009576646192457575,-5.0,-5.0,-0.012972984211770386,-0.012972984211770386,1,0
Malawi,Tunisia,1,92.0,-1.0,-1.0,-0.25,-0.25,-0.012216019014979825,15.75,15.75,-0.01488514776894645,-0.01488514776894645,1,0
São Tomé and Príncipe,Namibia,1,72.0,0.0,0.0,4.5,4.5,0.0,-42.0,-42.0,-0.007936507936507936,-0.007936507936507936,1,0
Comoros,Ghana,0,70.0,1.1333333333333335,1.1333333333333335,-0.26666666666666683,-0.26666666666666683,0.010547504025764898,11.0,11.0,0.012684762684762685,0.012684762684762685,1,0
Austria,Germany,0,14.0,-0.19999999999999996,-0.19999999999999996,-1.0,-1.0,-0.15655136268343817,73.55,73.55,-0.4263445997069346,-0.4263445997069346,0,1
Poland,Latvia,0,-108.0,0.75,0.75,-1.5,-1.5,-0.004331599694240022,87.5,87.5,0.004818963887313291,0.004818963887313291,0,1
Gibraltar,Netherlands,1,191.0,-1.6,-1.6,5.0,5.0,-0.038461538461538464,20.6,20.6,-0.04664150943396227,-0.04664150943396227,1,0
Greece,France,1,48.0,-2.8499999999999996,-2.8499999999999996,0.19999999999999996,0.19999999999999996,-0.049492496419453254,5.649999999999999,5.649999999999999,-0.10212652127746466,-0.10212652127746466,1,0
Croatia,Armenia,0,-84.0,1.75,1.75,-1.25,-1.25,0.014670310683881506,37.5,37.5,0.01238450604122246,0.01238450604122246,1,0
Andorra,Israel,1,78.0,-0.8,-0.8,1.2000000000000002,1.2000000000000002,-0.012658227848101266,10.0,10.0,-0.02363291470434328,-0.02363291470434328,1,0
Kosovo,Belarus,1,11.0,0.5999999999999999,0.5999999999999999,0.19999999999999996,0.19999999999999996,0.014037551744529862,-28.200000000000003,-28.200000000000003,0.01781398426135268,0.01781398426135268,1,0
Romania,Switzerland,0,35.0,-0.19999999999999996,-0.19999999999999996,-0.9999999999999999,-0.9999999999999999,-0.0007711586658955064,-6.6000000000000085,-6.6000000000000085,0.009729599227426364,0.009729599227426364,1,0
