date,team,score,suf_score,rank,rank_suf,rank_change,total_points,result,rank_dif,points_by_rank,team_points
2023-08-02,Ethiopia,2,0,142.0,168.0,0.0,1074.47,0,-26.0,0.017857142857142856,3
2023-08-27,Bolivia,1,2,83.0,45.0,0.0,1295.09,1,38.0,0.0,0
2023-08-28,Tahiti,9,1,162.0,188.0,0.0,995.11,0,-26.0,0.015957446808510637,3
2023-08-31,Tahiti,3,0,162.0,188.0,0.0,995.11,0,-26.0,0.015957446808510637,3
2023-09-03,Bangladesh,0,0,189.0,157.0,2.9400000000000546,892.44,2,32.0,0.006369426751592357,1
2023-09-03,Guatemala,0,0,107.0,79.0,20.110000000000127,1186.71,2,28.0,0.012658227848101266,1
2023-09-04,Mozambique,3,2,117.0,93.0,-1.599999999999909,1164.25,0,24.0,0.03225806451612903,3
2023-09-06,Macau,0,1,182.0,185.0,0.0,913.68,1,-3.0,0.0,0
2023-09-06,Malta,1,0,171.0,198.0,0.0,972.86,0,-27.0,0.015151515151515152,3
2023-09-06,Oman,2,1,73.0,96.0,0.0,1332.45,0,-23.0,0.03125,3
2023-09-06,Syria,2,2,94.0,136.0,0.0,1241.62,2,-42.0,0.007352941176470588,1
2023-09-06,Libya,1,1,127.0,91.0,0.0,1130.75,2,36.0,0.01098901098901099,1
2023-09-07,Trinidad and Tobago,1,0,102.0,88.0,-3.539999999999964,1199.74,0,14.0,0.03409090909090909,3
2023-09-07,Guatemala,2,0,107.0,75.0,20.110000000000127,1186.71,0,32.0,0.04,3
2023-09-07,Colombia,1,0,17.0,57.0,0.0,1624.91,0,-40.0,0.05263157894736842,3
2023-09-07,Paraguay,0,0,49.0,21.0,0.0,1442.64,2,28.0,0.047619047619047616,1
2023-09-07,Argentina,1,0,1.0,40.0,0.0,1843.73,0,-39.0,0.075,3
2023-09-07,Austria,1,1,29.0,164.0,0.0,1528.06,2,-135.0,0.006097560975609756,1
2023-09-07,Bahrain,1,3,86.0,137.0,0.0,1282.05,1,-51.0,0.0,0
2023-09-07,Bangladesh,1,1,189.0,157.0,2.9400000000000546,892.44,2,32.0,0.006369426751592357,1
2023-09-07,Bulgaria,0,1,77.0,22.0,0.0,1315.48,1,55.0,0.0,0
2023-09-07,Norway,6,0,44.0,82.0,0.0,1458.47,0,-38.0,0.036585365853658534,3
2023-09-07,Qatar,1,2,59.0,105.0,2.0499999999999545,1395.57,1,-46.0,0.0,0
2023-09-07,Wales,0,0,35.0,28.0,0.0,1506.04,2,7.0,0.03571428571428571,1
2023-09-07,Ghana,2,1,60.0,126.0,0.0,1391.13,0,-66.0,0.023809523809523808,3
2023-09-07,Angola,0,0,116.0,108.0,-1.6900000000000546,1169.07,2,8.0,0.009259259259259259,1
2023-09-07,Algeria,0,0,33.0,124.0,0.0,1511.23,2,-91.0,0.008064516129032258,1
2023-09-07,Niger,0,2,128.0,92.0,0.0,1129.67,1,36.0,0.0,0
2023-09-07,Tunisia,3,0,31.0,147.0,0.0,1516.66,0,-116.0,0.02040816326530612,3
2023-09-07,France,2,0,2.0,53.0,0.0,1843.54,0,-51.0,0.05660377358490566,3
2023-09-07,Netherlands,3,0,7.0,50.0,0.0,1731.23,0,-43.0,0.06,3
2023-09-07,Poland,2,0,26.0,129.0,0.0,1536.99,0,-103.0,0.023255813953488372,3
2023-09-07,Serbia,1,2,25.0,36.0,0.0,1539.03,1,-11.0,0.0,0
2023-09-07,Lithuania,2,2,144.0,71.0,0.0,1069.97,2,73.0,0.014084507042253521,1
2023-09-07,Kazakhstan,0,1,104.0,55.0,0.0,1198.24,1,49.0,0.0,0
2023-09-07,Denmark,4,0,19.0,208.0,0.0,1597.37,0,-189.0,0.014423076923076924,3
2023-09-07,Slovenia,4,2,61.0,64.0,0.0,1391.04,0,-3.0,0.046875,3
2023-09-07,Iraq,2,2,70.0,99.0,0.0,1345.21,2,-29.0,0.010101010101010102,1
2023-09-07,Thailand,2,1,113.0,100.0,0.0,1174.37,0,13.0,0.03,3
2023-09-08,Haiti,0,0,87.0,172.0,-3.3199999999999363,1272.64,2,-85.0,0.005813953488372093,1
2023-09-08,Grenada,1,1,174.0,143.0,0.0,960.77,2,31.0,0.006993006993006993,1
2023-09-08,Jamaica,1,0,58.0,79.0,41.90000000000009,1409.73,0,-21.0,0.0379746835443038,3
2023-09-08,Barbados,2,3,166.0,179.0,0.0,984.05,1,-13.0,0.0,0
2023-09-08,Dominican Republic,0,2,152.0,141.0,0.0,1036.74,1,11.0,0.0,0
2023-09-08,Uruguay,3,1,16.0,32.0,0.0,1633.13,0,-16.0,0.09375,3
2023-09-08,Brazil,5,1,3.0,83.0,0.0,1828.27,0,-80.0,0.03614457831325301,3
2023-09-08,Costa Rica,3,1,46.0,54.0,-24.74000000000001,1453.56,0,-8.0,0.05555555555555555,3
2023-09-08,Indonesia,2,0,150.0,138.0,0.0,1047.46,0,12.0,0.021739130434782608,3
2023-09-08,Myanmar,0,0,160.0,175.0,0.0,1000.26,2,-15.0,0.005714285714285714,1
2023-09-08,Singapore,0,2,158.0,110.0,0.0,1014.78,1,48.0,0.0,0
2023-09-08,Burkina Faso,0,0,56.0,146.0,0.0,1419.18,2,-90.0,0.00684931506849315,1
2023-09-08,Egypt,1,0,34.0,142.0,0.0,1509.89,0,-108.0,0.02112676056338028,3
2023-09-08,Mali,4,0,51.0,167.0,0.0,1438.01,0,-116.0,0.017964071856287425,3
2023-09-08,Georgia,1,7,78.0,10.0,0.0,1312.8,1,68.0,0.0,0
2023-09-08,Cyprus,0,3,118.0,30.0,0.0,1163.73,1,88.0,0.0,0
2023-09-08,Croatia,5,0,6.0,134.0,0.0,1742.55,0,-128.0,0.022388059701492536,3
2023-09-08,Bosnia and Herzegovina,2,1,62.0,200.0,0.0,1381.1,0,-138.0,0.015,3
2023-09-08,Luxembourg,3,1,89.0,67.0,0.0,1262.72,0,22.0,0.04477611940298507,3
2023-09-08,Slovakia,0,1,47.0,9.0,0.0,1447.05,1,38.0,0.0,0
2023-09-09,Antigua and Barbuda,1,5,132.0,168.0,0.0,1107.51,1,-36.0,0.0,0
2023-09-09,Bahamas,1,6,197.0,163.0,0.0,852.87,1,34.0,0.0,0
2023-09-09,British Virgin Islands,3,1,206.0,202.0,0.0,804.11,0,4.0,0.01485148514851485,3
2023-09-09,China PR,1,1,80.0,136.0,0.0,1304.78,2,-56.0,0.007352941176470588,1
2023-09-09,Germany,1,4,15.0,20.0,0.0,1636.32,1,-5.0,0.0,0
2023-09-09,Mexico,2,2,12.0,27.0,26.399999999999864,1665.59,2,-15.0,0.037037037037037035,1
2023-09-09,South Africa,0,0,63.0,114.0,-1.240000000000009,1368.25,2,-51.0,0.008771929824561403,1
2023-09-09,United States,3,0,11.0,74.0,1.1400000000001,1674.48,0,-63.0,0.04054054054054054,3
2023-09-09,Malawi,2,2,123.0,81.0,7.480000000000018,1140.65,2,42.0,0.012345679012345678,1
2023-09-09,Ivory Coast,1,0,52.0,151.0,0.0,1433.38,0,-99.0,0.019867549668874173,3
2023-09-09,Comoros,1,1,130.0,84.0,-2.8299999999999272,1119.99,2,46.0,0.011904761904761904,1
2023-09-09,Mauritania,2,1,101.0,85.0,0.0,1205.18,0,16.0,0.03529411764705882,3
2023-09-09,DR Congo,2,0,69.0,131.0,0.0,1350.11,0,-62.0,0.022900763358778626,3
2023-09-09,Rwanda,1,1,139.0,18.0,0.0,1089.46,2,121.0,0.05555555555555555,1
2023-09-09,Ukraine,1,1,24.0,4.0,0.0,1541.25,2,20.0,0.25,1
2023-09-09,North Macedonia,1,1,68.0,8.0,0.0,1350.53,2,60.0,0.125,1
2023-09-09,Azerbaijan,0,1,121.0,5.0,0.0,1143.22,1,116.0,0.0,0
2023-09-09,Estonia,0,5,111.0,23.0,0.0,1179.3,1,88.0,0.0,0
2023-09-09,Andorra,0,0,154.0,98.0,0.0,1022.3,2,56.0,0.01020408163265306,1
2023-09-09,Kosovo,2,2,109.0,13.0,0.0,1179.69,2,96.0,0.07692307692307693,1
2023-09-09,Romania,1,1,48.0,76.0,0.0,1443.98,2,-28.0,0.013157894736842105,1
2023-09-10,Guatemala,1,1,107.0,45.0,20.110000000000127,1186.71,2,62.0,0.022222222222222223,1
2023-09-10,El Salvador,2,3,75.0,102.0,7.829999999999927,1325.47,1,-27.0,0.0,0
2023-09-10,Nigeria,6,0,39.0,186.0,0.0,1486.48,0,-147.0,0.016129032258064516,3
2023-09-10,Togo,3,2,122.0,66.0,0.0,1140.88,0,56.0,0.045454545454545456,3
2023-09-10,Gambia,2,2,119.0,106.0,0.0,1159.82,2,13.0,0.009433962264150943,1
2023-09-10,Republic of Ireland,1,2,53.0,7.0,0.0,1426.26,1,46.0,0.0,0
2023-09-10,Greece,5,0,50.0,198.0,0.0,1441.06,0,-148.0,0.015151515151515152,3
2023-09-10,Faroe Islands,0,1,129.0,164.0,0.0,1126.3,1,-35.0,0.0,0
2023-09-10,Albania,2,0,65.0,26.0,0.0,1357.39,0,39.0,0.11538461538461539,3
2023-09-10,Montenegro,2,1,71.0,77.0,0.0,1343.45,0,-6.0,0.03896103896103896,3
2023-09-10,Lithuania,1,3,144.0,25.0,0.0,1069.97,1,119.0,0.0,0
2023-09-10,Finland,0,1,55.0,19.0,0.0,1419.47,1,36.0,0.0,0
2023-09-10,Kazakhstan,1,0,104.0,64.0,0.0,1198.24,0,40.0,0.046875,3
2023-09-10,San Marino,0,4,208.0,61.0,0.0,753.11,1,147.0,0.0,0
2023-09-10,Lebanon,1,0,100.0,99.0,4.029999999999973,1205.77,0,1.0,0.030303030303030304,3
2023-09-10,Thailand,2,2,113.0,70.0,0.0,1174.37,2,43.0,0.014285714285714285,1
2023-09-11,Dominican Republic,3,0,152.0,179.0,0.0,1036.74,0,-27.0,0.01675977653631285,3
2023-09-11,Nicaragua,5,1,141.0,166.0,0.0,1076.11,0,-25.0,0.018072289156626505,3
2023-09-11,Cayman Islands,1,2,193.0,199.0,0.0,859.83,1,-6.0,0.0,0
2023-09-11,Cambodia,4,0,176.0,182.0,0.0,942.97,0,-6.0,0.016483516483516484,3
2023-09-11,Myanmar,1,0,160.0,175.0,0.0,1000.26,0,-15.0,0.017142857142857144,3
2023-09-11,Vietnam,2,0,95.0,96.0,0.0,1238.23,0,-1.0,0.03125,3
2023-09-11,Guinea-Bissau,2,1,112.0,120.0,0.0,1178.93,0,-8.0,0.025,3
2023-09-11,Armenia,0,1,90.0,6.0,0.0,1252.6,1,84.0,0.0,0
2023-09-11,Latvia,0,2,134.0,35.0,0.0,1096.19,1,99.0,0.0,0
2023-09-11,Iceland,1,0,67.0,62.0,0.0,1352.98,0,5.0,0.04838709677419355,3
2023-09-11,Portugal,9,0,9.0,89.0,0.0,1718.25,0,-80.0,0.033707865168539325,3
2023-09-11,Slovakia,3,0,47.0,200.0,0.0,1447.05,0,-153.0,0.015,3
2023-09-12,Cuba,1,0,172.0,143.0,-16.550000000000068,968.29,0,29.0,0.02097902097902098,3
2023-09-12,Jamaica,2,2,58.0,87.0,41.90000000000009,1409.73,2,-29.0,0.011494252873563218,1
2023-09-12,Honduras,4,0,79.0,174.0,12.809999999999944,1309.23,0,-95.0,0.017241379310344827,3
2023-09-12,Guyana,3,2,168.0,197.0,0.0,981.69,0,-29.0,0.015228426395939087,3
2023-09-12,Puerto Rico,5,0,163.0,132.0,0.0,993.8,0,31.0,0.022727272727272728,3
2023-09-12,Turks and Caicos Islands,0,3,202.0,184.0,0.0,839.39,1,18.0,0.0,0
2023-09-12,Bolivia,0,3,83.0,1.0,0.0,1295.09,1,82.0,0.0,0
2023-09-12,Ecuador,2,1,40.0,16.0,0.0,1486.47,0,24.0,0.1875,3
2023-09-12,Venezuela,1,0,57.0,49.0,0.0,1417.23,0,8.0,0.061224489795918366,3
2023-09-12,Peru,0,1,21.0,3.0,0.0,1561.2,1,18.0,0.0,0
2023-09-12,Chile,0,0,32.0,17.0,0.0,1511.31,2,15.0,0.058823529411764705,1
2023-09-12,Azerbaijan,2,1,121.0,82.0,0.0,1143.22,0,39.0,0.036585365853658534,3
2023-09-12,Bahrain,1,1,86.0,138.0,0.0,1282.05,2,-52.0,0.007246376811594203,1
2023-09-12,China PR,0,1,80.0,94.0,0.0,1304.78,1,-14.0,0.0,0
2023-09-12,Egypt,1,3,34.0,31.0,0.0,1509.89,1,3.0,0.0,0
2023-09-12,Germany,2,1,15.0,2.0,0.0,1636.32,0,13.0,1.5,3
2023-09-12,Ghana,3,1,60.0,148.0,0.0,1391.13,0,-88.0,0.02027027027027027,3
2023-09-12,Iran,4,0,22.0,116.0,0.0,1556.59,0,-94.0,0.02586206896551724,3
2023-09-12,Kenya,0,1,105.0,167.0,0.0,1191.07,1,-62.0,0.0,0
2023-09-12,South Korea,1,0,28.0,54.0,0.0,1529.3,0,-26.0,0.05555555555555555,3
2023-09-12,Mexico,3,3,12.0,74.0,26.399999999999864,1665.59,2,-62.0,0.013513513513513514,1
2023-09-12,Morocco,1,0,14.0,56.0,0.0,1655.5,0,-42.0,0.05357142857142857,3
2023-09-12,Philippines,2,1,135.0,157.0,0.0,1095.66,0,-22.0,0.01910828025477707,3
2023-09-12,Scotland,1,3,30.0,4.0,0.0,1520.24,1,26.0,0.0,0
2023-09-12,Senegal,0,1,18.0,33.0,0.0,1612.61,1,-15.0,0.0,0
2023-09-12,South Africa,1,0,63.0,69.0,-1.240000000000009,1368.25,0,-6.0,0.043478260869565216,3
2023-09-12,United Arab Emirates,4,1,72.0,46.0,0.0,1336.28,0,26.0,0.06521739130434782,3
2023-09-12,United States,4,0,11.0,73.0,1.1400000000001,1674.48,0,-62.0,0.0410958904109589,3
2023-09-12,Cameroon,3,0,42.0,140.0,0.0,1470.97,0,-98.0,0.02142857142857143,3
2023-09-12,Norway,2,1,44.0,78.0,0.0,1458.47,0,-34.0,0.038461538461538464,3
2023-09-12,Spain,6,0,10.0,118.0,0.0,1703.45,0,-108.0,0.025423728813559324,3
2023-09-12,Italy,2,1,8.0,24.0,0.0,1726.58,0,-16.0,0.125,3
2023-09-12,Malta,0,2,171.0,68.0,0.0,972.86,1,103.0,0.0,0
2023-09-12,Belgium,5,0,5.0,111.0,0.0,1788.55,0,-106.0,0.02702702702702703,3
2023-09-12,Sweden,1,3,23.0,29.0,0.0,1547.11,1,-6.0,0.0,0
2023-09-12,Switzerland,3,0,13.0,154.0,0.0,1661.12,0,-141.0,0.01948051948051948,3
2023-09-12,Israel,1,0,76.0,98.0,0.0,1323.81,0,-22.0,0.030612244897959183,3
2023-09-12,Romania,2,0,48.0,109.0,0.0,1443.98,0,-61.0,0.027522935779816515,3
2023-10-10,China PR,2,0,80.0,95.0,0.0,1304.78,0,-15.0,0.031578947368421054,3
2023-10-11,Wales,4,0,35.0,198.0,0.0,1506.04,0,-163.0,0.015151515151515152,3
2023-10-12,Suriname,1,1,143.0,87.0,0.0,1073.57,2,56.0,0.011494252873563218,1
2023-10-12,Grenada,1,4,174.0,58.0,0.0,960.77,1,116.0,0.0,0
2023-10-12,Cuba,0,0,172.0,79.0,-16.550000000000068,968.29,2,93.0,0.012658227848101266,1
2023-10-12,Dominica,1,1,184.0,206.0,0.0,904.88,2,-22.0,0.0048543689320388345,1
2023-10-12,Colombia,2,2,17.0,16.0,0.0,1624.91,2,1.0,0.0625,1
2023-10-12,Bolivia,1,2,83.0,40.0,0.0,1295.09,1,43.0,0.0,0
2023-10-12,Argentina,1,0,1.0,49.0,0.0,1843.73,0,-48.0,0.061224489795918366,3
2023-10-12,Brazil,1,1,3.0,57.0,0.0,1828.27,2,-54.0,0.017543859649122806,1
2023-10-12,Chile,2,0,32.0,21.0,0.0,1511.31,0,11.0,0.14285714285714285,3
2023-10-12,Afghanistan,1,0,157.0,183.0,0.0,1020.32,0,-26.0,0.01639344262295082,3
2023-10-12,Cambodia,0,0,176.0,201.0,0.0,942.97,2,-25.0,0.004975124378109453,1
2023-10-12,Maldives,1,1,155.0,189.0,-2.8700000000000045,1021.85,2,-34.0,0.005291005291005291,1
2023-10-12,Myanmar,5,1,160.0,182.0,0.0,1000.26,0,-22.0,0.016483516483516484,3
2023-10-12,Nepal,1,1,175.0,187.0,-1.3100000000000591,958.05,2,-12.0,0.0053475935828877,1
2023-10-12,Singapore,2,1,158.0,203.0,0.0,1014.78,0,-45.0,0.014778325123152709,3
2023-10-12,Yemen,3,0,156.0,204.0,0.0,1020.37,0,-48.0,0.014705882352941176,3
2023-10-12,Algeria,5,1,33.0,66.0,0.0,1511.23,0,-33.0,0.045454545454545456,3
2023-10-12,Egypt,1,0,34.0,84.0,0.0,1509.89,0,-50.0,0.03571428571428571,3
2023-10-12,Georgia,8,0,78.0,113.0,0.0,1312.8,0,-35.0,0.02654867256637168,3
2023-10-12,Montenegro,3,2,71.0,100.0,0.0,1343.45,0,-29.0,0.03,3
2023-10-12,Sweden,3,1,23.0,164.0,0.0,1547.11,0,-141.0,0.018292682926829267,3
2023-10-12,Spain,2,0,10.0,30.0,0.0,1703.45,0,-20.0,0.1,3
2023-10-12,Cyprus,0,4,118.0,44.0,0.0,1163.73,1,74.0,0.0,0
2023-10-12,Latvia,2,0,134.0,90.0,0.0,1096.19,0,44.0,0.03333333333333333,3
2023-10-12,Faroe Islands,0,2,129.0,26.0,0.0,1126.3,1,103.0,0.0,0
2023-10-12,Andorra,0,3,154.0,109.0,0.0,1022.3,1,45.0,0.0,0
2023-10-12,Belarus,0,0,98.0,48.0,0.0,1212.28,2,50.0,0.020833333333333332,1
2023-10-13,Curaçao,1,2,88.0,45.0,0.0,1267.87,1,43.0,0.0,0
2023-10-13,Trinidad and Tobago,3,2,102.0,107.0,-3.539999999999964,1199.74,0,-5.0,0.028037383177570093,3
2023-10-13,Montserrat,0,3,179.0,141.0,0.0,938.02,1,38.0,0.0,0
2023-10-13,Barbados,0,5,166.0,152.0,0.0,984.05,1,14.0,0.0,0
2023-10-13,Belize,0,1,177.0,173.0,0.0,939.96,1,4.0,0.0,0
2023-10-13,England,1,0,4.0,27.0,0.0,1797.39,0,-23.0,0.1111111111111111,3
2023-10-13,Equatorial Guinea,0,0,91.0,56.0,0.0,1251.83,2,35.0,0.017857142857142856,1
2023-10-13,Guinea,1,0,81.0,112.0,0.0,1296.75,0,-31.0,0.026785714285714284,3
2023-10-13,Iraq,0,0,70.0,59.0,0.0,1345.21,2,11.0,0.01694915254237288,1
2023-10-13,Japan,4,1,20.0,43.0,0.0,1595.96,0,-23.0,0.06976744186046512,3
2023-10-13,South Korea,4,0,28.0,31.0,0.0,1529.3,0,-3.0,0.0967741935483871,3
2023-10-13,Mali,1,0,51.0,92.0,0.0,1438.01,0,-41.0,0.03260869565217391,3
2023-10-13,Nigeria,2,2,39.0,54.0,0.0,1486.48,2,-15.0,0.018518518518518517,1
2023-10-13,South Africa,0,0,63.0,146.0,-1.240000000000009,1368.25,2,-83.0,0.00684931506849315,1
2023-10-13,Vietnam,0,2,95.0,74.0,0.0,1238.23,1,21.0,0.0,0
2023-10-13,Republic of Ireland,0,2,53.0,50.0,0.0,1426.26,1,3.0,0.0,0
2023-10-13,Netherlands,1,2,7.0,2.0,0.0,1731.23,1,5.0,0.0,0
2023-10-13,Estonia,0,2,111.0,121.0,0.0,1179.3,1,-10.0,0.0,0
2023-10-13,Austria,2,3,29.0,5.0,0.0,1528.06,1,24.0,0.0,0
2023-10-13,Iceland,1,1,67.0,89.0,0.0,1352.98,2,-22.0,0.011235955056179775,1
2023-10-13,Portugal,3,2,9.0,47.0,0.0,1718.25,0,-38.0,0.06382978723404255,3
2023-10-13,Liechtenstein,0,2,200.0,62.0,0.0,848.82,1,138.0,0.0,0
2023-10-13,Angola,1,1,116.0,117.0,-1.6900000000000546,1169.07,2,-1.0,0.008547008547008548,1
2023-10-14,Puerto Rico,1,3,163.0,168.0,0.0,993.8,1,-5.0,0.0,0
2023-10-14,Bahamas,1,4,197.0,132.0,0.0,852.87,1,65.0,0.0,0
2023-10-14,Ivory Coast,1,1,52.0,14.0,0.0,1433.38,2,38.0,0.07142857142857142,1
2023-10-14,Liberia,2,3,148.0,127.0,0.0,1049.94,1,21.0,0.0,0
2023-10-14,Mauritania,2,1,101.0,108.0,0.0,1205.18,0,-7.0,0.027777777777777776,3
2023-10-14,Mexico,2,0,12.0,60.0,26.399999999999864,1665.59,0,-48.0,0.05,3
2023-10-14,Niger,3,0,128.0,196.0,0.0,1129.67,0,-68.0,0.015306122448979591,3
2023-10-14,Sierra Leone,1,1,120.0,93.0,0.0,1156.11,2,27.0,0.010752688172043012,1
2023-10-14,United States,1,3,11.0,15.0,1.1400000000001,1674.48,1,-4.0,0.0,0
2023-10-14,Ukraine,2,0,24.0,68.0,0.0,1541.25,0,-44.0,0.04411764705882353,3
2023-10-14,Italy,4,0,8.0,171.0,0.0,1726.58,0,-163.0,0.017543859649122806,3
2023-10-14,Bulgaria,0,2,77.0,144.0,0.0,1315.48,1,-67.0,0.0,0
2023-10-14,Hungary,2,1,36.0,25.0,0.0,1504.57,0,11.0,0.12,3
2023-10-14,Northern Ireland,3,0,64.0,208.0,0.0,1361.17,0,-144.0,0.014423076923076924,3
2023-10-14,Slovenia,3,0,61.0,55.0,0.0,1391.04,0,6.0,0.05454545454545454,3
2023-10-14,Denmark,3,1,19.0,104.0,0.0,1597.37,0,-85.0,0.028846153846153848,3
2023-10-15,Honduras,4,0,79.0,172.0,12.809999999999944,1309.23,0,-93.0,0.01744186046511628,3
2023-10-15,Haiti,2,3,87.0,58.0,-3.3199999999999363,1272.64,1,29.0,0.0,0
2023-10-15,Suriname,4,0,143.0,174.0,0.0,1073.57,0,-31.0,0.017241379310344827,3
2023-10-15,Sudan,1,1,131.0,124.0,0.0,1116.21,2,7.0,0.008064516129032258,1
2023-10-15,Georgia,4,0,78.0,118.0,0.0,1312.8,0,-40.0,0.025423728813559324,3
2023-10-15,Norway,0,1,44.0,10.0,0.0,1458.47,1,34.0,0.0,0
2023-10-15,Wales,2,1,35.0,6.0,0.0,1506.04,0,29.0,0.5,3
2023-10-15,Poland,1,1,26.0,164.0,0.0,1536.99,2,-138.0,0.006097560975609756,1
2023-10-15,Switzerland,3,3,13.0,98.0,0.0,1661.12,2,-85.0,0.01020408163265306,1
2023-10-15,Romania,4,0,48.0,154.0,0.0,1443.98,0,-106.0,0.01948051948051948,3
2023-10-16,Dominican Republic,5,2,152.0,166.0,0.0,1036.74,0,-14.0,0.018072289156626505,3
2023-10-16,Nicaragua,3,0,141.0,179.0,0.0,1076.11,0,-38.0,0.01675977653631285,3
2023-10-16,Turks and Caicos Islands,2,2,202.0,206.0,0.0,839.39,2,-4.0,0.0048543689320388345,1
2023-10-16,Algeria,1,1,33.0,34.0,0.0,1511.23,2,-1.0,0.029411764705882353,1
2023-10-16,Botswana,2,1,147.0,146.0,1.9400000000000543,1054.31,0,1.0,0.02054794520547945,3
2023-10-16,China PR,1,2,80.0,74.0,0.0,1304.78,1,6.0,0.0,0
2023-10-16,Mozambique,2,3,117.0,39.0,-1.599999999999909,1164.25,1,78.0,0.0,0
2023-10-16,Senegal,1,0,18.0,42.0,0.0,1612.61,0,-24.0,0.07142857142857142,3
2023-10-16,Gibraltar,0,4,198.0,53.0,0.0,851.64,1,145.0,0.0,0
2023-10-16,Greece,0,1,50.0,7.0,0.0,1441.06,1,43.0,0.0,0
2023-10-16,Azerbaijan,0,1,121.0,29.0,0.0,1143.22,1,92.0,0.0,0
2023-10-16,Belgium,1,1,5.0,23.0,0.0,1788.55,2,-18.0,0.043478260869565216,1
2023-10-16,Iceland,4,0,67.0,200.0,0.0,1352.98,0,-133.0,0.015,3
2023-10-16,Bosnia and Herzegovina,0,5,62.0,9.0,0.0,1381.1,1,53.0,0.0,0
2023-10-16,Luxembourg,0,1,89.0,47.0,0.0,1262.72,1,42.0,0.0,0
2023-10-17,Panama,3,0,45.0,107.0,54.71000000000004,1453.94,0,-62.0,0.028037383177570093,3
2023-10-17,Curaçao,5,3,88.0,102.0,0.0,1267.87,0,-14.0,0.029411764705882353,3
2023-10-17,Bermuda,1,1,173.0,177.0,0.0,966.27,2,-4.0,0.005649717514124294,1
2023-10-17,Antigua and Barbuda,2,2,132.0,197.0,0.0,1107.51,2,-65.0,0.005076142131979695,1
2023-10-17,Guyana,3,1,168.0,163.0,0.0,981.69,0,5.0,0.018404907975460124,3
2023-10-17,Venezuela,3,0,57.0,32.0,0.0,1417.23,0,25.0,0.09375,3
2023-10-17,Ecuador,0,0,40.0,17.0,0.0,1486.47,2,23.0,0.058823529411764705,1
2023-10-17,Paraguay,1,0,49.0,83.0,0.0,1442.64,0,-34.0,0.03614457831325301,3
2023-10-17,Peru,0,2,21.0,1.0,0.0,1561.2,1,20.0,0.0,0
2023-10-17,Uruguay,2,0,16.0,3.0,0.0,1633.13,0,13.0,1.0,3
2023-10-17,Bangladesh,2,1,189.0,155.0,2.9400000000000546,892.44,0,34.0,0.01935483870967742,3
2023-10-17,Guam,0,1,203.0,158.0,0.0,838.33,1,45.0,0.0,0
2023-10-17,Laos,0,1,187.0,175.0,0.0,899.58,1,12.0,0.0,0
2023-10-17,Macau,0,0,182.0,160.0,0.0,913.68,2,22.0,0.00625,1
2023-10-17,Mongolia,0,1,183.0,157.0,0.0,908.71,1,26.0,0.0,0
2023-10-17,Pakistan,1,0,201.0,176.0,-4.460000000000036,847.67,0,25.0,0.017045454545454544,3
2023-10-17,Sri Lanka,1,1,204.0,156.0,0.0,825.25,2,48.0,0.00641025641025641,1
2023-10-17,Albania,2,0,65.0,77.0,0.0,1357.39,0,-12.0,0.03896103896103896,3
2023-10-17,Angola,0,0,116.0,69.0,-1.6900000000000546,1169.07,2,47.0,0.014492753623188406,1
2023-10-17,Bahrain,1,0,86.0,135.0,0.0,1282.05,0,-49.0,0.022222222222222223,3
2023-10-17,Benin,1,2,93.0,108.0,0.0,1248.13,1,-15.0,0.0,0
2023-10-17,Burkina Faso,2,1,56.0,101.0,0.0,1419.18,0,-45.0,0.0297029702970297,3
2023-10-17,Cape Verde,1,2,66.0,130.0,0.0,1354.65,1,-64.0,0.0,0
2023-10-17,Estonia,1,1,111.0,113.0,0.0,1179.3,2,-2.0,0.008849557522123894,1
2023-10-17,France,4,1,2.0,30.0,0.0,1843.54,0,-28.0,0.1,3
2023-10-17,Guinea,1,1,81.0,85.0,0.0,1296.75,2,-4.0,0.011764705882352941,1
2023-10-17,Ivory Coast,1,1,52.0,63.0,0.0,1433.38,2,-11.0,0.015873015873015872,1
2023-10-17,South Korea,6,0,28.0,95.0,0.0,1529.3,0,-67.0,0.031578947368421054,3
2023-10-17,Libya,1,1,127.0,128.0,0.0,1130.75,2,-1.0,0.0078125,1
2023-10-17,Mali,3,1,51.0,54.0,0.0,1438.01,0,-3.0,0.05555555555555555,3
2023-10-17,Mexico,2,2,12.0,15.0,26.399999999999864,1665.59,2,-3.0,0.06666666666666667,1
2023-10-17,North Macedonia,3,1,68.0,90.0,0.0,1350.53,0,-22.0,0.03333333333333333,3
2023-10-17,Somalia,0,2,196.0,120.0,0.0,854.72,1,76.0,0.0,0
2023-10-17,Sudan,1,0,131.0,181.0,0.0,1116.21,0,-50.0,0.016574585635359115,3
2023-10-17,Syria,1,2,94.0,137.0,0.0,1241.62,1,-43.0,0.0,0
2023-10-17,United Arab Emirates,2,1,72.0,100.0,0.0,1336.28,0,-28.0,0.03,3
2023-10-17,United States,4,0,11.0,60.0,1.1400000000001,1674.48,0,-49.0,0.05,3
2023-10-17,Zambia,3,0,84.0,92.0,3.5699999999999363,1293.77,0,-8.0,0.03260869565217391,3
2023-10-17,Morocco,3,0,14.0,148.0,0.0,1655.5,0,-134.0,0.02027027027027027,3
2023-10-17,England,3,1,4.0,8.0,0.0,1797.39,0,-4.0,0.375,3
2023-10-17,Malta,1,3,171.0,24.0,0.0,972.86,1,147.0,0.0,0
2023-10-17,Serbia,3,1,25.0,71.0,0.0,1539.03,0,-46.0,0.04225352112676056,3
2023-10-17,Lithuania,2,2,144.0,36.0,0.0,1069.97,2,108.0,0.027777777777777776,1
2023-10-17,Finland,1,2,55.0,104.0,0.0,1419.47,1,-49.0,0.0,0
2023-10-17,Northern Ireland,0,1,64.0,61.0,0.0,1361.17,1,3.0,0.0,0
2023-10-17,San Marino,1,2,208.0,19.0,0.0,753.11,1,189.0,0.0,0
2023-10-23,United Arab Emirates,1,0,72.0,137.0,0.0,1336.28,0,-65.0,0.021897810218978103,3
2023-11-11,Guatemala,0,0,107.0,58.0,20.110000000000127,1186.71,2,49.0,0.017241379310344827,1
2023-11-12,Kosovo,1,0,109.0,76.0,0.0,1179.69,0,33.0,0.039473684210526314,3
2023-11-15,Ethiopia,0,0,142.0,120.0,0.0,1074.47,2,22.0,0.008333333333333333,1
2023-11-15,DR Congo,2,0,69.0,101.0,0.0,1350.11,0,-32.0,0.0297029702970297,3
2023-11-15,Rwanda,0,0,139.0,125.0,0.0,1089.46,2,14.0,0.008,1
2023-11-15,Equatorial Guinea,1,0,91.0,114.0,0.0,1251.83,0,-23.0,0.02631578947368421,3
2023-11-15,Belgium,1,0,5.0,25.0,0.0,1788.55,0,-20.0,0.12,3
2023-11-15,Israel,1,1,76.0,13.0,0.0,1323.81,2,63.0,0.07692307692307693,1
2023-11-16,British Virgin Islands,1,2,206.0,184.0,0.0,804.11,1,22.0,0.0,0
2023-11-16,Costa Rica,0,3,46.0,45.0,-24.74000000000001,1453.56,1,1.0,0.0,0
2023-11-16,United States,3,0,11.0,102.0,1.1400000000001,1674.48,0,-91.0,0.029411764705882353,3
2023-11-16,Bolivia,2,0,83.0,21.0,0.0,1295.09,0,62.0,0.14285714285714285,3
2023-11-16,Venezuela,0,0,57.0,40.0,0.0,1417.23,2,17.0,0.025,1
2023-11-16,Colombia,2,1,17.0,3.0,0.0,1624.91,0,14.0,1.0,3
2023-11-16,Argentina,0,2,1.0,16.0,0.0,1843.73,1,-15.0,0.0,0
2023-11-16,Chile,0,0,32.0,49.0,0.0,1511.31,2,-17.0,0.02040816326530612,1
2023-11-16,Qatar,8,1,59.0,157.0,2.0499999999999545,1395.57,0,-98.0,0.01910828025477707,3
2023-11-16,Kuwait,0,1,137.0,99.0,6.080000000000155,1090.42,1,38.0,0.0,0
2023-11-16,Japan,5,0,20.0,160.0,0.0,1595.96,0,-140.0,0.01875,3
2023-11-16,Thailand,1,2,113.0,80.0,0.0,1174.37,1,33.0,0.0,0
2023-11-16,South Korea,5,0,28.0,158.0,0.0,1529.3,0,-130.0,0.0189873417721519,3
2023-11-16,Turkmenistan,1,3,138.0,74.0,0.0,1089.77,1,64.0,0.0,0
2023-11-16,Iraq,5,1,70.0,150.0,0.0,1345.21,0,-80.0,0.02,3
2023-11-16,Philippines,0,2,135.0,95.0,0.0,1095.66,1,40.0,0.0,0
2023-11-16,Tajikistan,1,1,110.0,82.0,0.0,1179.54,2,28.0,0.012195121951219513,1
2023-11-16,Saudi Arabia,4,0,54.0,201.0,0.0,1421.46,0,-147.0,0.014925373134328358,3
2023-11-16,United Arab Emirates,4,0,72.0,175.0,0.0,1336.28,0,-103.0,0.017142857142857144,3
2023-11-16,Yemen,0,2,156.0,86.0,0.0,1020.37,1,70.0,0.0,0
2023-11-16,Lebanon,0,0,100.0,96.0,4.029999999999973,1205.77,2,4.0,0.010416666666666666,1
2023-11-16,Australia,7,0,27.0,189.0,0.0,1530.45,0,-162.0,0.015873015873015872,3
2023-11-16,Egypt,6,0,34.0,191.0,0.0,1509.89,0,-157.0,0.015706806282722512,3
2023-11-16,Sudan,1,1,131.0,122.0,0.0,1116.21,2,9.0,0.00819672131147541,1
2023-11-16,Nigeria,1,1,39.0,151.0,0.0,1486.48,2,-112.0,0.006622516556291391,1
2023-11-16,Cape Verde,0,0,66.0,116.0,0.0,1354.65,2,-50.0,0.008620689655172414,1
2023-11-16,Burundi,3,2,140.0,119.0,0.0,1085.06,0,21.0,0.025210084033613446,3
2023-11-16,Gabon,2,1,85.0,105.0,0.0,1285.25,0,-20.0,0.02857142857142857,3
2023-11-16,Botswana,2,3,147.0,117.0,1.9400000000000543,1054.31,1,30.0,0.0,0
2023-11-16,Algeria,3,1,33.0,196.0,0.0,1511.23,0,-163.0,0.015306122448979591,3
2023-11-16,Curaçao,1,1,88.0,75.0,0.0,1267.87,2,13.0,0.013333333333333334,1
2023-11-16,Norway,2,0,44.0,129.0,0.0,1458.47,0,-85.0,0.023255813953488372,3
2023-11-16,Cyprus,1,3,118.0,10.0,0.0,1163.73,1,108.0,0.0,0
2023-11-16,Georgia,2,2,78.0,30.0,0.0,1312.8,2,48.0,0.03333333333333333,1
2023-11-16,Estonia,0,2,111.0,29.0,0.0,1179.3,1,82.0,0.0,0
2023-11-16,Azerbaijan,3,0,121.0,23.0,0.0,1143.22,0,98.0,0.13043478260869565,3
2023-11-16,Bulgaria,2,2,77.0,36.0,0.0,1315.48,2,41.0,0.027777777777777776,1
2023-11-16,Montenegro,2,0,71.0,144.0,0.0,1343.45,0,-73.0,0.020833333333333332,3
2023-11-16,Liechtenstein,0,2,200.0,9.0,0.0,848.82,1,191.0,0.0,0
2023-11-16,Luxembourg,4,1,89.0,62.0,0.0,1262.72,0,27.0,0.04838709677419355,3
2023-11-16,Slovakia,4,2,47.0,67.0,0.0,1447.05,0,-20.0,0.04477611940298507,3
2023-11-17,Montserrat,2,1,179.0,152.0,0.0,938.02,0,27.0,0.019736842105263157,3
2023-11-17,Barbados,0,4,166.0,141.0,0.0,984.05,1,25.0,0.0,0
2023-11-17,Honduras,2,0,79.0,12.0,12.809999999999944,1309.23,0,67.0,0.25,3
2023-11-17,Burkina Faso,1,1,56.0,112.0,0.0,1419.18,2,-56.0,0.008928571428571428,1
2023-11-17,Eswatini,0,1,146.0,127.0,-0.6299999999998818,1058.19,1,19.0,0.0,0
2023-11-17,Cameroon,3,0,42.0,180.0,0.0,1470.97,0,-138.0,0.016666666666666666,3
2023-11-17,Zambia,4,2,84.0,106.0,3.5699999999999363,1293.77,0,-22.0,0.02830188679245283,3
2023-11-17,Ivory Coast,9,0,52.0,194.0,0.0,1433.38,0,-142.0,0.015463917525773196,3
2023-11-17,Guinea,2,1,81.0,92.0,0.0,1296.75,0,-11.0,0.03260869565217391,3
2023-11-17,Liberia,0,1,148.0,123.0,0.0,1049.94,1,25.0,0.0,0
2023-11-17,Tunisia,4,0,31.0,186.0,0.0,1516.66,0,-155.0,0.016129032258064516,3
2023-11-17,Comoros,4,2,130.0,126.0,-2.8299999999999272,1119.99,0,4.0,0.023809523809523808,3
2023-11-17,Ghana,1,0,60.0,108.0,0.0,1391.13,0,-48.0,0.027777777777777776,3
2023-11-17,Mali,3,1,51.0,181.0,0.0,1438.01,0,-130.0,0.016574585635359115,3
2023-11-17,England,2,0,4.0,171.0,0.0,1797.39,0,-167.0,0.017543859649122806,3
2023-11-17,Italy,5,2,8.0,68.0,0.0,1726.58,0,-60.0,0.04411764705882353,3
2023-11-17,Moldova,1,1,164.0,65.0,0.0,990.73,2,99.0,0.015384615384615385,1
2023-11-17,Finland,4,0,55.0,64.0,0.0,1419.47,0,-9.0,0.046875,3
2023-11-17,Denmark,2,1,19.0,61.0,0.0,1597.37,0,-42.0,0.04918032786885246,3
2023-11-17,Kazakhstan,3,1,104.0,208.0,0.0,1198.24,0,-104.0,0.014423076923076924,3
2023-11-18,Antigua and Barbuda,2,3,132.0,163.0,0.0,1107.51,1,-31.0,0.0,0
2023-11-18,Jamaica,1,2,58.0,43.0,41.90000000000009,1409.73,1,15.0,0.0,0
2023-11-18,Senegal,4,0,18.0,167.0,0.0,1612.61,0,-149.0,0.017964071856287425,3
2023-11-18,South Africa,2,1,63.0,93.0,-1.240000000000009,1368.25,0,-30.0,0.03225806451612903,3
2023-11-18,Niger,0,1,128.0,124.0,0.0,1129.67,1,4.0,0.0,0
2023-11-18,France,14,0,2.0,198.0,0.0,1843.54,0,-196.0,0.015151515151515152,3
2023-11-18,Netherlands,1,0,7.0,53.0,0.0,1731.23,0,-46.0,0.05660377358490566,3
2023-11-18,Armenia,1,1,90.0,35.0,0.0,1252.6,2,55.0,0.02857142857142857,1
2023-11-18,Latvia,0,2,134.0,6.0,0.0,1096.19,1,128.0,0.0,0
2023-11-18,Belarus,1,0,98.0,154.0,0.0,1212.28,0,-56.0,0.01948051948051948,3
2023-11-18,Switzerland,1,1,13.0,109.0,0.0,1661.12,2,-96.0,0.009174311926605505,1
2023-11-18,Israel,1,2,76.0,48.0,0.0,1323.81,1,28.0,0.0,0
2023-11-19,Sierra Leone,0,2,120.0,34.0,0.0,1156.11,1,86.0,0.0,0
2023-11-19,Sudan,1,0,131.0,69.0,0.0,1116.21,0,62.0,0.043478260869565216,3
2023-11-19,Zimbabwe,1,1,125.0,39.0,0.0,1138.56,2,86.0,0.02564102564102564,1
2023-11-19,Burundi,1,2,140.0,85.0,0.0,1085.06,1,55.0,0.0,0
2023-11-19,Mozambique,0,2,117.0,33.0,-1.599999999999909,1164.25,1,84.0,0.0,0
2023-11-19,Cyprus,1,0,118.0,144.0,0.0,1163.73,0,-26.0,0.020833333333333332,3
2023-11-19,Scotland,3,3,30.0,44.0,0.0,1520.24,2,-14.0,0.022727272727272728,1
2023-11-19,Spain,3,1,10.0,78.0,0.0,1703.45,0,-68.0,0.038461538461538464,3
2023-11-19,Belgium,5,0,5.0,121.0,0.0,1788.55,0,-116.0,0.024793388429752067,3
2023-11-19,Sweden,2,0,23.0,111.0,0.0,1547.11,0,-88.0,0.02702702702702703,3
2023-11-19,Hungary,3,1,36.0,71.0,0.0,1504.57,0,-35.0,0.04225352112676056,3
2023-11-19,Serbia,2,2,25.0,77.0,0.0,1539.03,2,-52.0,0.012987012987012988,1
2023-11-19,Portugal,2,0,9.0,67.0,0.0,1718.25,0,-58.0,0.04477611940298507,3
2023-11-19,Bosnia and Herzegovina,1,2,62.0,47.0,0.0,1381.1,1,15.0,0.0,0
2023-11-19,Liechtenstein,0,1,200.0,89.0,0.0,848.82,1,111.0,0.0,0
2023-11-20,Montserrat,4,2,179.0,166.0,0.0,938.02,0,13.0,0.018072289156626505,3
2023-11-20,Aruba,5,1,199.0,193.0,0.0,850.88,0,6.0,0.015544041450777202,3
2023-11-20,Dominica,2,0,184.0,202.0,0.0,904.88,0,-18.0,0.01485148514851485,3
2023-11-20,Panama,3,1,45.0,46.0,54.71000000000004,1453.94,0,-1.0,0.06521739130434782,3
2023-11-20,Trinidad and Tobago,2,1,102.0,11.0,-3.539999999999964,1199.74,0,91.0,0.2727272727272727,3
2023-11-20,Djibouti,0,1,191.0,112.0,0.0,889.2,1,79.0,0.0,0
2023-11-20,Gambia,0,2,119.0,52.0,0.0,1159.82,1,67.0,0.0,0
2023-11-20,Seychelles,0,5,194.0,105.0,-3.419999999999959,856.71,1,89.0,0.0,0
2023-11-20,Liberia,0,1,148.0,91.0,0.0,1049.94,1,57.0,0.0,0
2023-11-20,Mali,1,1,51.0,126.0,0.0,1438.01,2,-75.0,0.007936507936507936,1
2023-11-20,Chad,0,3,181.0,108.0,0.0,930.22,1,73.0,0.0,0
2023-11-20,Curaçao,1,1,88.0,75.0,0.0,1267.87,2,13.0,0.013333333333333334,1
2023-11-20,North Macedonia,1,1,68.0,4.0,0.0,1350.53,2,64.0,0.25,1
2023-11-20,Ukraine,0,0,24.0,8.0,0.0,1541.25,2,16.0,0.125,1
2023-11-20,Albania,0,0,65.0,129.0,0.0,1357.39,2,-64.0,0.007751937984496124,1
2023-11-20,Northern Ireland,2,0,64.0,19.0,0.0,1361.17,0,45.0,0.15789473684210525,3
2023-11-20,San Marino,1,2,208.0,55.0,0.0,753.11,1,153.0,0.0,0
2023-11-20,Slovenia,2,1,61.0,104.0,0.0,1391.04,0,-43.0,0.028846153846153848,3
2023-11-21,Nicaragua,0,0,141.0,152.0,0.0,1076.11,2,-11.0,0.006578947368421052,1
2023-11-21,Guyana,6,0,168.0,132.0,0.0,981.69,0,36.0,0.022727272727272728,3
2023-11-21,Puerto Rico,6,1,163.0,197.0,0.0,993.8,0,-34.0,0.015228426395939087,3
2023-11-21,Canada,2,3,43.0,58.0,4.460000000000036,1458.58,1,-15.0,0.0,0
2023-11-21,Mexico,2,0,12.0,79.0,26.399999999999864,1665.59,0,-67.0,0.0379746835443038,3
2023-11-21,Ecuador,1,0,40.0,32.0,0.0,1486.47,0,8.0,0.09375,3
2023-11-21,Paraguay,0,1,49.0,17.0,0.0,1442.64,1,32.0,0.0,0
2023-11-21,Uruguay,3,0,16.0,83.0,0.0,1633.13,0,-67.0,0.03614457831325301,3
2023-11-21,Peru,1,1,21.0,57.0,0.0,1561.2,2,-36.0,0.017543859649122806,1
2023-11-21,Brazil,0,1,3.0,1.0,0.0,1828.27,1,2.0,0.0,0
2023-11-21,India,0,3,99.0,59.0,3.789999999999964,1208.69,1,40.0,0.0,0
2023-11-21,Afghanistan,0,4,157.0,137.0,0.0,1020.32,1,20.0,0.0,0
2023-11-21,Syria,0,5,94.0,20.0,0.0,1241.62,1,74.0,0.0,0
2023-11-21,China PR,0,3,80.0,28.0,0.0,1304.78,1,52.0,0.0,0
2023-11-21,Singapore,1,3,158.0,113.0,0.0,1014.78,1,45.0,0.0,0
2023-11-21,Uzbekistan,2,2,74.0,22.0,0.0,1327.58,2,52.0,0.045454545454545456,1
2023-11-21,Philippines,1,1,135.0,150.0,0.0,1095.66,2,-15.0,0.006666666666666667,1
2023-11-21,Vietnam,0,1,95.0,70.0,0.0,1238.23,1,25.0,0.0,0
2023-11-21,Pakistan,1,6,201.0,110.0,-4.460000000000036,847.67,1,91.0,0.0,0
2023-11-21,Jordan,0,2,82.0,54.0,0.0,1296.26,1,28.0,0.0,0
2023-11-21,Bahrain,0,2,86.0,72.0,0.0,1282.05,1,14.0,0.0,0
2023-11-21,Nepal,0,2,175.0,156.0,-1.3100000000000591,958.05,1,19.0,0.0,0
2023-11-21,Palestine,0,1,96.0,27.0,0.0,1233.02,1,69.0,0.0,0
2023-11-21,Bangladesh,1,1,189.0,100.0,2.9400000000000546,892.44,2,89.0,0.01,1
2023-11-21,Ethiopia,0,3,142.0,56.0,0.0,1074.47,1,86.0,0.0,0
2023-11-21,South Sudan,0,0,167.0,101.0,0.0,983.35,2,66.0,0.009900990099009901,1
2023-11-21,Togo,0,0,122.0,18.0,0.0,1140.88,2,104.0,0.05555555555555555,1
2023-11-21,Lesotho,0,0,151.0,93.0,3.5800000000001546,1038.68,2,58.0,0.010752688172043012,1
2023-11-21,Rwanda,2,0,139.0,63.0,0.0,1089.46,0,76.0,0.047619047619047616,3
2023-11-21,Eswatini,0,2,146.0,66.0,-0.6299999999998818,1058.19,1,80.0,0.0,0
2023-11-21,Libya,1,1,127.0,42.0,0.0,1130.75,2,85.0,0.023809523809523808,1
2023-11-21,Mauritius,0,0,180.0,116.0,0.0600000000000591,936.09,2,64.0,0.008620689655172414,1
2023-11-21,Niger,2,1,128.0,84.0,0.0,1129.67,0,44.0,0.03571428571428571,3
2023-11-21,Tanzania,0,2,124.0,14.0,0.0,1138.79,1,110.0,0.0,0
2023-11-21,Somalia,0,1,196.0,92.0,0.0,854.72,1,104.0,0.0,0
2023-11-21,Botswana,1,0,147.0,81.0,1.9400000000000543,1054.31,0,66.0,0.037037037037037035,3
2023-11-21,Malawi,0,1,123.0,31.0,7.480000000000018,1140.65,1,92.0,0.0,0
2023-11-21,São Tomé and Príncipe,0,2,186.0,114.0,0.0,900.07,1,72.0,0.0,0
2023-11-21,Comoros,1,0,130.0,60.0,-2.8299999999999272,1119.99,0,70.0,0.05,3
2023-11-21,Austria,2,0,29.0,15.0,0.0,1528.06,0,14.0,0.2,3
2023-11-21,Poland,2,0,26.0,134.0,0.0,1536.99,0,-108.0,0.022388059701492536,3
2023-11-21,Gibraltar,0,6,198.0,7.0,0.0,851.64,1,191.0,0.0,0
2023-11-21,Greece,2,2,50.0,2.0,0.0,1441.06,2,48.0,0.5,1
2023-11-21,Croatia,1,0,6.0,90.0,0.0,1742.55,0,-84.0,0.03333333333333333,3
2023-11-21,Andorra,0,2,154.0,76.0,0.0,1022.3,1,78.0,0.0,0
2023-11-21,Kosovo,0,1,109.0,98.0,0.0,1179.69,1,11.0,0.0,0
2023-11-21,Romania,1,0,48.0,13.0,0.0,1443.98,0,35.0,0.23076923076923078,3
2023-08-02,Guyana,0,2,168.0,142.0,0.0,981.69,0,-26.0,0.0,0
2023-08-27,Panama,2,1,45.0,83.0,54.71000000000004,1453.94,1,38.0,0.03614457831325301,3
2023-08-28,Cook Islands,1,9,188.0,162.0,0.0,899.33,0,-26.0,0.0,0
2023-08-31,Cook Islands,0,3,188.0,162.0,0.0,899.33,0,-26.0,0.0,0
2023-09-03,Afghanistan,0,0,157.0,189.0,0.0,1020.32,2,32.0,0.005291005291005291,1
2023-09-03,Honduras,0,0,79.0,107.0,12.809999999999944,1309.23,2,28.0,0.009345794392523364,1
2023-09-04,Benin,2,3,93.0,117.0,0.0,1248.13,0,24.0,0.0,0
2023-09-06,Bhutan,1,0,185.0,182.0,-5.710000000000036,900.65,1,-3.0,0.016483516483516484,3
2023-09-06,Gibraltar,0,1,198.0,171.0,0.0,851.64,0,-27.0,0.0,0
2023-09-06,Palestine,1,2,96.0,73.0,0.0,1233.02,0,-23.0,0.0,0
2023-09-06,Malaysia,2,2,136.0,94.0,0.0,1091.57,2,-42.0,0.010638297872340425,1
2023-09-06,Equatorial Guinea,1,1,91.0,127.0,0.0,1251.83,2,36.0,0.007874015748031496,1
2023-09-07,Curaçao,0,1,88.0,102.0,0.0,1267.87,0,14.0,0.0,0
2023-09-07,El Salvador,0,2,75.0,107.0,7.829999999999927,1325.47,0,32.0,0.0,0
2023-09-07,Venezuela,0,1,57.0,17.0,0.0,1417.23,0,-40.0,0.0,0
2023-09-07,Peru,0,0,21.0,49.0,0.0,1561.2,2,28.0,0.02040816326530612,1
2023-09-07,Ecuador,0,1,40.0,1.0,0.0,1486.47,0,-39.0,0.0,0
2023-09-07,Moldova,1,1,164.0,29.0,0.0,990.73,2,-135.0,0.034482758620689655,1
2023-09-07,Kuwait,3,1,137.0,86.0,6.080000000000155,1090.42,1,-51.0,0.03488372093023256,3
2023-09-07,Afghanistan,1,1,157.0,189.0,0.0,1020.32,2,32.0,0.005291005291005291,1
2023-09-07,Iran,1,0,22.0,77.0,0.0,1556.59,1,55.0,0.03896103896103896,3
2023-09-07,Jordan,0,6,82.0,44.0,0.0,1296.26,0,-38.0,0.0,0
2023-09-07,Kenya,2,1,105.0,59.0,0.0,1191.07,1,-46.0,0.05084745762711865,3
2023-09-07,South Korea,0,0,28.0,35.0,0.0,1529.3,2,7.0,0.02857142857142857,1
2023-09-07,Central African Republic,1,2,126.0,60.0,0.0,1133.5,0,-66.0,0.0,0
2023-09-07,Madagascar,0,0,108.0,116.0,0.0,1186.09,2,8.0,0.008620689655172414,1
2023-09-07,Tanzania,0,0,124.0,33.0,0.0,1138.79,2,-91.0,0.030303030303030304,1
2023-09-07,Uganda,2,0,92.0,128.0,0.0,1250.32,1,36.0,0.0234375,3
2023-09-07,Botswana,0,3,147.0,31.0,1.9400000000000543,1054.31,0,-116.0,0.0,0
2023-09-07,Republic of Ireland,0,2,53.0,2.0,0.0,1426.26,0,-51.0,0.0,0
2023-09-07,Greece,0,3,50.0,7.0,0.0,1441.06,0,-43.0,0.0,0
2023-09-07,Faroe Islands,0,2,129.0,26.0,0.0,1126.3,0,-103.0,0.0,0
2023-09-07,Hungary,2,1,36.0,25.0,0.0,1504.57,1,-11.0,0.12,3
2023-09-07,Montenegro,2,2,71.0,144.0,0.0,1343.45,2,73.0,0.006944444444444444,1
2023-09-07,Finland,1,0,55.0,104.0,0.0,1419.47,1,49.0,0.028846153846153848,3
2023-09-07,San Marino,0,4,208.0,19.0,0.0,753.11,0,-189.0,0.0,0
2023-09-07,Northern Ireland,2,4,64.0,61.0,0.0,1361.17,0,-3.0,0.0,0
2023-09-07,India,2,2,99.0,70.0,3.789999999999964,1208.69,2,-29.0,0.014285714285714285,1
2023-09-07,Lebanon,1,2,100.0,113.0,4.029999999999973,1205.77,0,13.0,0.0,0
2023-09-08,Cuba,0,0,172.0,87.0,-16.550000000000068,968.29,2,-85.0,0.011494252873563218,1
2023-09-08,Suriname,1,1,143.0,174.0,0.0,1073.57,2,31.0,0.005747126436781609,1
2023-09-08,Honduras,0,1,79.0,58.0,12.809999999999944,1309.23,0,-21.0,0.0,0
2023-09-08,Montserrat,3,2,179.0,166.0,0.0,938.02,1,-13.0,0.018072289156626505,3
2023-09-08,Nicaragua,2,0,141.0,152.0,0.0,1076.11,1,11.0,0.019736842105263157,3
2023-09-08,Chile,1,3,32.0,16.0,0.0,1511.31,0,-16.0,0.0,0
2023-09-08,Bolivia,1,5,83.0,3.0,0.0,1295.09,0,-80.0,0.0,0
2023-09-08,Saudi Arabia,1,3,54.0,46.0,0.0,1421.46,0,-8.0,0.0,0
2023-09-08,Turkmenistan,0,2,138.0,150.0,0.0,1089.77,0,12.0,0.0,0
2023-09-08,Nepal,0,0,175.0,160.0,-1.3100000000000591,958.05,2,-15.0,0.00625,1
2023-09-08,Tajikistan,2,0,110.0,158.0,0.0,1179.54,1,48.0,0.0189873417721519,3
2023-09-08,Eswatini,0,0,146.0,56.0,-0.6299999999998818,1058.19,2,-90.0,0.017857142857142856,1
2023-09-08,Ethiopia,0,1,142.0,34.0,0.0,1074.47,0,-108.0,0.0,0
2023-09-08,South Sudan,0,4,167.0,51.0,0.0,983.35,0,-116.0,0.0,0
2023-09-08,Spain,7,1,10.0,78.0,0.0,1703.45,1,68.0,0.038461538461538464,3
2023-09-08,Scotland,3,0,30.0,118.0,0.0,1520.24,1,88.0,0.025423728813559324,3
2023-09-08,Latvia,0,5,134.0,6.0,0.0,1096.19,0,-128.0,0.0,0
2023-09-08,Liechtenstein,1,2,200.0,62.0,0.0,848.82,0,-138.0,0.0,0
2023-09-08,Iceland,1,3,67.0,89.0,0.0,1352.98,0,22.0,0.0,0
2023-09-08,Portugal,1,0,9.0,47.0,0.0,1718.25,1,38.0,0.06382978723404255,3
2023-09-09,Guyana,5,1,168.0,132.0,0.0,981.69,1,-36.0,0.022727272727272728,3
2023-09-09,Puerto Rico,6,1,163.0,197.0,0.0,993.8,1,34.0,0.015228426395939087,3
2023-09-09,Turks and Caicos Islands,1,3,202.0,206.0,0.0,839.39,0,4.0,0.0,0
2023-09-09,Malaysia,1,1,136.0,80.0,0.0,1091.57,2,-56.0,0.0125,1
2023-09-09,Japan,4,1,20.0,15.0,0.0,1595.96,1,-5.0,0.2,3
2023-09-09,Australia,2,2,27.0,12.0,0.0,1530.45,2,-15.0,0.08333333333333333,1
2023-09-09,Namibia,0,0,114.0,63.0,-2.730000000000018,1172.41,2,-51.0,0.015873015873015872,1
2023-09-09,Uzbekistan,0,3,74.0,11.0,0.0,1327.58,0,-63.0,0.0,0
2023-09-09,Guinea,2,2,81.0,123.0,0.0,1296.75,2,42.0,0.008130081300813009,1
2023-09-09,Lesotho,0,1,151.0,52.0,3.5800000000001546,1038.68,0,-99.0,0.0,0
2023-09-09,Zambia,1,1,84.0,130.0,3.5699999999999363,1293.77,2,46.0,0.007692307692307693,1
2023-09-09,Gabon,1,2,85.0,101.0,0.0,1285.25,0,16.0,0.0,0
2023-09-09,Sudan,0,2,131.0,69.0,0.0,1116.21,0,-62.0,0.0,0
2023-09-09,Senegal,1,1,18.0,139.0,0.0,1612.61,2,121.0,0.007194244604316547,1
2023-09-09,England,1,1,4.0,24.0,0.0,1797.39,2,20.0,0.041666666666666664,1
2023-09-09,Italy,1,1,8.0,68.0,0.0,1726.58,2,60.0,0.014705882352941176,1
2023-09-09,Belgium,1,0,5.0,121.0,0.0,1788.55,1,116.0,0.024793388429752067,3
2023-09-09,Sweden,5,0,23.0,111.0,0.0,1547.11,1,88.0,0.02702702702702703,3
2023-09-09,Belarus,0,0,98.0,154.0,0.0,1212.28,2,56.0,0.006493506493506494,1
2023-09-09,Switzerland,2,2,13.0,109.0,0.0,1661.12,2,96.0,0.009174311926605505,1
2023-09-09,Israel,1,1,76.0,48.0,0.0,1323.81,2,-28.0,0.020833333333333332,1
2023-09-10,Panama,1,1,45.0,107.0,54.71000000000004,1453.94,2,62.0,0.009345794392523364,1
2023-09-10,Trinidad and Tobago,3,2,102.0,75.0,-3.539999999999964,1199.74,1,-27.0,0.04,3
2023-09-10,São Tomé and Príncipe,0,6,186.0,39.0,0.0,900.07,0,-147.0,0.0,0
2023-09-10,Cape Verde,2,3,66.0,122.0,0.0,1354.65,0,56.0,0.0,0
2023-09-10,Congo,2,2,106.0,119.0,0.0,1190.63,2,13.0,0.008403361344537815,1
2023-09-10,Netherlands,2,1,7.0,53.0,0.0,1731.23,1,46.0,0.05660377358490566,3
2023-09-10,Gibraltar,0,5,198.0,50.0,0.0,851.64,0,-148.0,0.0,0
2023-09-10,Moldova,1,0,164.0,129.0,0.0,990.73,1,-35.0,0.023255813953488372,3
2023-09-10,Poland,0,2,26.0,65.0,0.0,1536.99,0,39.0,0.0,0
2023-09-10,Bulgaria,1,2,77.0,71.0,0.0,1315.48,0,-6.0,0.0,0
2023-09-10,Serbia,3,1,25.0,144.0,0.0,1539.03,1,119.0,0.020833333333333332,3
2023-09-10,Denmark,1,0,19.0,55.0,0.0,1597.37,1,36.0,0.05454545454545454,3
2023-09-10,Northern Ireland,0,1,64.0,104.0,0.0,1361.17,0,40.0,0.0,0
2023-09-10,Slovenia,4,0,61.0,208.0,0.0,1391.04,1,147.0,0.014423076923076924,3
2023-09-10,India,0,1,99.0,100.0,3.789999999999964,1208.69,0,1.0,0.0,0
2023-09-10,Iraq,2,2,70.0,113.0,0.0,1345.21,2,43.0,0.008849557522123894,1
2023-09-11,Montserrat,0,3,179.0,152.0,0.0,938.02,0,-27.0,0.0,0
2023-09-11,Barbados,1,5,166.0,141.0,0.0,984.05,0,-25.0,0.0,0
2023-09-11,Aruba,2,1,199.0,193.0,0.0,850.88,1,-6.0,0.015544041450777202,3
2023-09-11,Macau,0,4,182.0,176.0,0.0,913.68,0,-6.0,0.0,0
2023-09-11,Nepal,0,1,175.0,160.0,-1.3100000000000591,958.05,0,-15.0,0.0,0
2023-09-11,Palestine,0,2,96.0,95.0,0.0,1233.02,0,-1.0,0.0,0
2023-09-11,Sierra Leone,1,2,120.0,112.0,0.0,1156.11,0,-8.0,0.0,0
2023-09-11,Croatia,1,0,6.0,90.0,0.0,1742.55,1,84.0,0.03333333333333333,3
2023-09-11,Wales,2,0,35.0,134.0,0.0,1506.04,1,99.0,0.022388059701492536,3
2023-09-11,Bosnia and Herzegovina,0,1,62.0,67.0,0.0,1381.1,0,5.0,0.0,0
2023-09-11,Luxembourg,0,9,89.0,9.0,0.0,1262.72,0,-80.0,0.0,0
2023-09-11,Liechtenstein,0,3,200.0,47.0,0.0,848.82,0,-153.0,0.0,0
2023-09-12,Suriname,0,1,143.0,172.0,0.0,1073.57,0,29.0,0.0,0
2023-09-12,Haiti,2,2,87.0,58.0,-3.3199999999999363,1272.64,2,-29.0,0.017241379310344827,1
2023-09-12,Grenada,0,4,174.0,79.0,0.0,960.77,0,-95.0,0.0,0
2023-09-12,Bahamas,2,3,197.0,168.0,0.0,852.87,0,-29.0,0.0,0
2023-09-12,Antigua and Barbuda,0,5,132.0,163.0,0.0,1107.51,0,31.0,0.0,0
2023-09-12,Dominica,3,0,184.0,202.0,0.0,904.88,1,18.0,0.01485148514851485,3
2023-09-12,Argentina,3,0,1.0,83.0,0.0,1843.73,1,82.0,0.03614457831325301,3
2023-09-12,Uruguay,1,2,16.0,40.0,0.0,1633.13,0,24.0,0.0,0
2023-09-12,Paraguay,0,1,49.0,57.0,0.0,1442.64,0,8.0,0.0,0
2023-09-12,Brazil,1,0,3.0,21.0,0.0,1828.27,1,18.0,0.14285714285714285,3
2023-09-12,Colombia,0,0,17.0,32.0,0.0,1624.91,2,15.0,0.03125,1
2023-09-12,Jordan,1,2,82.0,121.0,0.0,1296.26,0,39.0,0.0,0
2023-09-12,Turkmenistan,1,1,138.0,86.0,0.0,1089.77,2,-52.0,0.011627906976744186,1
2023-09-12,Syria,1,0,94.0,80.0,0.0,1241.62,1,-14.0,0.0375,3
2023-09-12,Tunisia,3,1,31.0,34.0,0.0,1516.66,1,3.0,0.08823529411764706,3
2023-09-12,France,1,2,2.0,15.0,0.0,1843.54,0,13.0,0.0,0
2023-09-12,Liberia,1,3,148.0,60.0,0.0,1049.94,0,-88.0,0.0,0
2023-09-12,Angola,0,4,116.0,22.0,-1.6900000000000546,1169.07,0,-94.0,0.0,0
2023-09-12,South Sudan,1,0,167.0,105.0,0.0,983.35,1,-62.0,0.02857142857142857,3
2023-09-12,Saudi Arabia,0,1,54.0,28.0,0.0,1421.46,0,-26.0,0.0,0
2023-09-12,Uzbekistan,3,3,74.0,12.0,0.0,1327.58,2,-62.0,0.08333333333333333,1
2023-09-12,Burkina Faso,0,1,56.0,14.0,0.0,1419.18,0,-42.0,0.0,0
2023-09-12,Afghanistan,1,2,157.0,135.0,0.0,1020.32,0,-22.0,0.0,0
2023-09-12,England,3,1,4.0,30.0,0.0,1797.39,1,26.0,0.1,3
2023-09-12,Algeria,1,0,33.0,18.0,0.0,1511.23,1,-15.0,0.16666666666666666,3
2023-09-12,DR Congo,0,1,69.0,63.0,0.0,1350.11,0,-6.0,0.0,0
2023-09-12,Costa Rica,1,4,46.0,72.0,-24.74000000000001,1453.56,0,26.0,0.0,0
2023-09-12,Oman,0,4,73.0,11.0,0.0,1332.45,0,-62.0,0.0,0
2023-09-12,Burundi,0,3,140.0,42.0,0.0,1085.06,0,-98.0,0.0,0
2023-09-12,Georgia,1,2,78.0,44.0,0.0,1312.8,0,-34.0,0.0,0
2023-09-12,Cyprus,0,6,118.0,10.0,0.0,1163.73,0,-108.0,0.0,0
2023-09-12,Ukraine,1,2,24.0,8.0,0.0,1541.25,0,-16.0,0.0,0
2023-09-12,North Macedonia,2,0,68.0,171.0,0.0,1350.53,1,103.0,0.017543859649122806,3
2023-09-12,Estonia,0,5,111.0,5.0,0.0,1179.3,0,-106.0,0.0,0
2023-09-12,Austria,3,1,29.0,23.0,0.0,1528.06,1,-6.0,0.13043478260869565,3
2023-09-12,Andorra,0,3,154.0,13.0,0.0,1022.3,0,-141.0,0.0,0
2023-09-12,Belarus,0,1,98.0,76.0,0.0,1212.28,0,-22.0,0.0,0
2023-09-12,Kosovo,0,2,109.0,48.0,0.0,1179.69,0,-61.0,0.0,0
2023-10-10,Vietnam,0,2,95.0,80.0,0.0,1238.23,0,-15.0,0.0,0
2023-10-11,Gibraltar,0,4,198.0,35.0,0.0,851.64,0,-163.0,0.0,0
2023-10-12,Haiti,1,1,87.0,143.0,-3.3199999999999363,1272.64,2,56.0,0.006993006993006993,1
2023-10-12,Jamaica,4,1,58.0,174.0,41.90000000000009,1409.73,1,116.0,0.017241379310344827,3
2023-10-12,Honduras,0,0,79.0,172.0,12.809999999999944,1309.23,2,93.0,0.005813953488372093,1
2023-10-12,British Virgin Islands,1,1,206.0,184.0,0.0,804.11,2,-22.0,0.005434782608695652,1
2023-10-12,Uruguay,2,2,16.0,17.0,0.0,1633.13,2,1.0,0.058823529411764705,1
2023-10-12,Ecuador,2,1,40.0,83.0,0.0,1486.47,1,43.0,0.03614457831325301,3
2023-10-12,Paraguay,0,1,49.0,1.0,0.0,1442.64,0,-48.0,0.0,0
2023-10-12,Venezuela,1,1,57.0,3.0,0.0,1417.23,2,-54.0,0.3333333333333333,1
2023-10-12,Peru,0,2,21.0,32.0,0.0,1561.2,0,11.0,0.0,0
2023-10-12,Mongolia,0,1,183.0,157.0,0.0,908.71,0,-26.0,0.0,0
2023-10-12,Pakistan,0,0,201.0,176.0,-4.460000000000036,847.67,2,-25.0,0.005681818181818182,1
2023-10-12,Bangladesh,1,1,189.0,155.0,2.9400000000000546,892.44,2,-34.0,0.0064516129032258064,1
2023-10-12,Macau,1,5,182.0,160.0,0.0,913.68,0,-22.0,0.0,0
2023-10-12,Laos,1,1,187.0,175.0,0.0,899.58,2,-12.0,0.005714285714285714,1
2023-10-12,Guam,1,2,203.0,158.0,0.0,838.33,0,-45.0,0.0,0
2023-10-12,Sri Lanka,0,3,204.0,156.0,0.0,825.25,0,-48.0,0.0,0
2023-10-12,Cape Verde,1,5,66.0,33.0,0.0,1354.65,0,-33.0,0.0,0
2023-10-12,Zambia,0,1,84.0,34.0,3.5699999999999363,1293.77,0,-50.0,0.0,0
2023-10-12,Thailand,0,8,113.0,78.0,0.0,1174.37,0,-35.0,0.0,0
2023-10-12,Lebanon,2,3,100.0,71.0,4.029999999999973,1205.77,0,-29.0,0.0,0
2023-10-12,Moldova,1,3,164.0,23.0,0.0,990.73,0,-141.0,0.0,0
2023-10-12,Scotland,0,2,30.0,10.0,0.0,1520.24,0,-20.0,0.0,0
2023-10-12,Norway,4,0,44.0,118.0,0.0,1458.47,1,74.0,0.025423728813559324,3
2023-10-12,Armenia,0,2,90.0,134.0,0.0,1252.6,0,44.0,0.0,0
2023-10-12,Poland,2,0,26.0,129.0,0.0,1536.99,1,103.0,0.023255813953488372,3
2023-10-12,Kosovo,3,0,109.0,154.0,0.0,1179.69,1,45.0,0.01948051948051948,3
2023-10-12,Romania,0,0,48.0,98.0,0.0,1443.98,2,50.0,0.01020408163265306,1
2023-10-13,Panama,2,1,45.0,88.0,54.71000000000004,1453.94,1,43.0,0.03409090909090909,3
2023-10-13,Guatemala,2,3,107.0,102.0,20.110000000000127,1186.71,0,-5.0,0.0,0
2023-10-13,Nicaragua,3,0,141.0,179.0,0.0,1076.11,1,38.0,0.01675977653631285,3
2023-10-13,Dominican Republic,5,0,152.0,166.0,0.0,1036.74,1,14.0,0.018072289156626505,3
2023-10-13,Bermuda,1,0,173.0,177.0,0.0,966.27,1,4.0,0.01694915254237288,3
2023-10-13,Australia,0,1,27.0,4.0,0.0,1530.45,0,-23.0,0.0,0
2023-10-13,Burkina Faso,0,0,56.0,91.0,0.0,1419.18,2,35.0,0.01098901098901099,1
2023-10-13,Guinea-Bissau,0,1,112.0,81.0,0.0,1178.93,0,-31.0,0.0,0
2023-10-13,Qatar,0,0,59.0,70.0,2.0499999999999545,1395.57,2,11.0,0.014285714285714285,1
2023-10-13,Canada,1,4,43.0,20.0,4.460000000000036,1458.58,0,-23.0,0.0,0
2023-10-13,Tunisia,0,4,31.0,28.0,0.0,1516.66,0,-3.0,0.0,0
2023-10-13,Uganda,0,1,92.0,51.0,0.0,1250.32,0,-41.0,0.0,0
2023-10-13,Saudi Arabia,2,2,54.0,39.0,0.0,1421.46,2,-15.0,0.02564102564102564,1
2023-10-13,Eswatini,0,0,146.0,63.0,-0.6299999999998818,1058.19,2,-83.0,0.015873015873015872,1
2023-10-13,Uzbekistan,2,0,74.0,95.0,0.0,1327.58,1,21.0,0.031578947368421054,3
2023-10-13,Greece,2,0,50.0,53.0,0.0,1441.06,1,3.0,0.05660377358490566,3
2023-10-13,France,2,1,2.0,7.0,0.0,1843.54,1,5.0,0.42857142857142855,3
2023-10-13,Azerbaijan,2,0,121.0,111.0,0.0,1143.22,1,-10.0,0.02702702702702703,3
2023-10-13,Belgium,3,2,5.0,29.0,0.0,1788.55,1,24.0,0.10344827586206896,3
2023-10-13,Luxembourg,1,1,89.0,67.0,0.0,1262.72,2,-22.0,0.014925373134328358,1
2023-10-13,Slovakia,2,3,47.0,9.0,0.0,1447.05,0,-38.0,0.0,0
2023-10-13,Bosnia and Herzegovina,2,0,62.0,200.0,0.0,1381.1,1,138.0,0.015,3
2023-10-13,Mozambique,1,1,117.0,116.0,-1.599999999999909,1164.25,2,-1.0,0.008620689655172414,1
2023-10-14,Guyana,3,1,168.0,163.0,0.0,981.69,1,-5.0,0.018404907975460124,3
2023-10-14,Antigua and Barbuda,4,1,132.0,197.0,0.0,1107.51,1,65.0,0.015228426395939087,3
2023-10-14,Morocco,1,1,14.0,52.0,0.0,1655.5,2,38.0,0.019230769230769232,1
2023-10-14,Libya,3,2,127.0,148.0,0.0,1130.75,1,21.0,0.02027027027027027,3
2023-10-14,Madagascar,1,2,108.0,101.0,0.0,1186.09,0,-7.0,0.0,0
2023-10-14,Ghana,0,2,60.0,12.0,0.0,1391.13,0,-48.0,0.0,0
2023-10-14,Somalia,0,3,196.0,128.0,0.0,854.72,0,-68.0,0.0,0
2023-10-14,Benin,1,1,93.0,120.0,0.0,1248.13,2,27.0,0.008333333333333333,1
2023-10-14,Germany,3,1,15.0,11.0,0.0,1636.32,1,-4.0,0.2727272727272727,3
2023-10-14,North Macedonia,0,2,68.0,24.0,0.0,1350.53,0,-44.0,0.0,0
2023-10-14,Malta,0,4,171.0,8.0,0.0,972.86,0,-163.0,0.0,0
2023-10-14,Lithuania,2,0,144.0,77.0,0.0,1069.97,1,-67.0,0.03896103896103896,3
2023-10-14,Serbia,1,2,25.0,36.0,0.0,1539.03,0,11.0,0.0,0
2023-10-14,San Marino,0,3,208.0,64.0,0.0,753.11,0,-144.0,0.0,0
2023-10-14,Finland,0,3,55.0,61.0,0.0,1419.47,0,6.0,0.0,0
2023-10-14,Kazakhstan,1,3,104.0,19.0,0.0,1198.24,0,-85.0,0.0,0
2023-10-15,Cuba,0,4,172.0,79.0,-16.550000000000068,968.29,0,-93.0,0.0,0
2023-10-15,Jamaica,3,2,58.0,87.0,41.90000000000009,1409.73,1,29.0,0.034482758620689655,3
2023-10-15,Grenada,0,4,174.0,143.0,0.0,960.77,0,-31.0,0.0,0
2023-10-15,Tanzania,1,1,124.0,131.0,0.0,1138.79,2,7.0,0.007633587786259542,1
2023-10-15,Cyprus,0,4,118.0,78.0,0.0,1163.73,0,-40.0,0.0,0
2023-10-15,Spain,1,0,10.0,44.0,0.0,1703.45,1,34.0,0.06818181818181818,3
2023-10-15,Croatia,1,2,6.0,35.0,0.0,1742.55,0,29.0,0.0,0
2023-10-15,Moldova,1,1,164.0,26.0,0.0,990.73,2,-138.0,0.038461538461538464,1
2023-10-15,Belarus,3,3,98.0,13.0,0.0,1212.28,2,-85.0,0.07692307692307693,1
2023-10-15,Andorra,0,4,154.0,48.0,0.0,1022.3,0,-106.0,0.0,0
2023-10-16,Barbados,2,5,166.0,152.0,0.0,984.05,0,-14.0,0.0,0
2023-10-16,Montserrat,0,3,179.0,141.0,0.0,938.02,0,-38.0,0.0,0
2023-10-16,British Virgin Islands,2,2,206.0,202.0,0.0,804.11,2,-4.0,0.0049504950495049506,1
2023-10-16,Egypt,1,1,34.0,33.0,0.0,1509.89,2,-1.0,0.030303030303030304,1
2023-10-16,Eswatini,1,2,146.0,147.0,-0.6299999999998818,1058.19,0,1.0,0.0,0
2023-10-16,Uzbekistan,2,1,74.0,80.0,0.0,1327.58,1,6.0,0.0375,3
2023-10-16,Nigeria,3,2,39.0,117.0,0.0,1486.48,1,78.0,0.02564102564102564,3
2023-10-16,Cameroon,0,1,42.0,18.0,0.0,1470.97,0,-24.0,0.0,0
2023-10-16,Republic of Ireland,4,0,53.0,198.0,0.0,1426.26,1,145.0,0.015151515151515152,3
2023-10-16,Netherlands,1,0,7.0,50.0,0.0,1731.23,1,43.0,0.06,3
2023-10-16,Austria,1,0,29.0,121.0,0.0,1528.06,1,92.0,0.024793388429752067,3
2023-10-16,Sweden,1,1,23.0,5.0,0.0,1547.11,2,-18.0,0.2,1
2023-10-16,Liechtenstein,0,4,200.0,67.0,0.0,848.82,0,-133.0,0.0,0
2023-10-16,Portugal,5,0,9.0,62.0,0.0,1718.25,1,53.0,0.04838709677419355,3
2023-10-16,Slovakia,1,0,47.0,89.0,0.0,1447.05,1,42.0,0.033707865168539325,3
2023-10-17,Guatemala,0,3,107.0,45.0,20.110000000000127,1186.71,0,-62.0,0.0,0
2023-10-17,Trinidad and Tobago,3,5,102.0,88.0,-3.539999999999964,1199.74,0,-14.0,0.0,0
2023-10-17,Belize,1,1,177.0,173.0,0.0,939.96,2,-4.0,0.005780346820809248,1
2023-10-17,Bahamas,2,2,197.0,132.0,0.0,852.87,2,-65.0,0.007575757575757576,1
2023-10-17,Puerto Rico,1,3,163.0,168.0,0.0,993.8,0,5.0,0.0,0
2023-10-17,Chile,0,3,32.0,57.0,0.0,1511.31,0,25.0,0.0,0
2023-10-17,Colombia,0,0,17.0,40.0,0.0,1624.91,2,23.0,0.025,1
2023-10-17,Bolivia,0,1,83.0,49.0,0.0,1295.09,0,-34.0,0.0,0
2023-10-17,Argentina,2,0,1.0,21.0,0.0,1843.73,1,20.0,0.14285714285714285,3
2023-10-17,Brazil,0,2,3.0,16.0,0.0,1828.27,0,13.0,0.0,0
2023-10-17,Maldives,1,2,155.0,189.0,-2.8700000000000045,1021.85,0,34.0,0.0,0
2023-10-17,Singapore,1,0,158.0,203.0,0.0,1014.78,1,45.0,0.014778325123152709,3
2023-10-17,Nepal,1,0,175.0,187.0,-1.3100000000000591,958.05,1,12.0,0.016042780748663103,3
2023-10-17,Myanmar,0,0,160.0,182.0,0.0,1000.26,2,22.0,0.005494505494505495,1
2023-10-17,Afghanistan,1,0,157.0,183.0,0.0,1020.32,1,26.0,0.01639344262295082,3
2023-10-17,Cambodia,0,1,176.0,201.0,0.0,942.97,0,25.0,0.0,0
2023-10-17,Yemen,1,1,156.0,204.0,0.0,1020.37,2,48.0,0.004901960784313725,1
2023-10-17,Bulgaria,0,2,77.0,65.0,0.0,1315.48,0,-12.0,0.0,0
2023-10-17,DR Congo,0,0,69.0,116.0,0.0,1350.11,2,47.0,0.008620689655172414,1
2023-10-17,Philippines,0,1,135.0,86.0,0.0,1095.66,0,-49.0,0.0,0
2023-10-17,Madagascar,2,1,108.0,93.0,0.0,1186.09,1,-15.0,0.03225806451612903,3
2023-10-17,Mauritania,1,2,101.0,56.0,0.0,1205.18,0,-45.0,0.0,0
2023-10-17,Comoros,2,1,130.0,66.0,-2.8299999999999272,1119.99,1,-64.0,0.045454545454545456,3
2023-10-17,Thailand,1,1,113.0,111.0,0.0,1174.37,2,-2.0,0.009009009009009009,1
2023-10-17,Scotland,1,4,30.0,2.0,0.0,1520.24,0,-28.0,0.0,0
2023-10-17,Gabon,1,1,85.0,81.0,0.0,1285.25,2,-4.0,0.012345679012345678,1
2023-10-17,South Africa,1,1,63.0,52.0,-1.240000000000009,1368.25,2,-11.0,0.019230769230769232,1
2023-10-17,Vietnam,0,6,95.0,28.0,0.0,1238.23,0,-67.0,0.0,0
2023-10-17,Niger,1,1,128.0,127.0,0.0,1129.67,2,-1.0,0.007874015748031496,1
2023-10-17,Saudi Arabia,1,3,54.0,51.0,0.0,1421.46,0,-3.0,0.0,0
2023-10-17,Germany,2,2,15.0,12.0,0.0,1636.32,2,-3.0,0.08333333333333333,1
2023-10-17,Armenia,1,3,90.0,68.0,0.0,1252.6,0,-22.0,0.0,0
2023-10-17,Sierra Leone,2,0,120.0,196.0,0.0,1156.11,1,76.0,0.015306122448979591,3
2023-10-17,Chad,0,1,181.0,131.0,0.0,930.22,0,-50.0,0.0,0
2023-10-17,Kuwait,2,1,137.0,94.0,6.080000000000155,1090.42,1,-43.0,0.031914893617021274,3
2023-10-17,Lebanon,1,2,100.0,72.0,4.029999999999973,1205.77,0,-28.0,0.0,0
2023-10-17,Ghana,0,4,60.0,11.0,0.0,1391.13,0,-49.0,0.0,0
2023-10-17,Uganda,0,3,92.0,84.0,0.0,1250.32,0,-8.0,0.0,0
2023-10-17,Liberia,0,3,148.0,14.0,0.0,1049.94,0,-134.0,0.0,0
2023-10-17,Italy,1,3,8.0,4.0,0.0,1726.58,0,-4.0,0.0,0
2023-10-17,Ukraine,3,1,24.0,171.0,0.0,1541.25,1,147.0,0.017543859649122806,3
2023-10-17,Montenegro,1,3,71.0,25.0,0.0,1343.45,0,-46.0,0.0,0
2023-10-17,Hungary,2,2,36.0,144.0,0.0,1504.57,2,108.0,0.006944444444444444,1
2023-10-17,Kazakhstan,2,1,104.0,55.0,0.0,1198.24,1,-49.0,0.05454545454545454,3
2023-10-17,Slovenia,1,0,61.0,64.0,0.0,1391.04,1,3.0,0.046875,3
2023-10-17,Denmark,2,1,19.0,208.0,0.0,1597.37,1,189.0,0.014423076923076924,3
2023-10-23,Kuwait,0,1,137.0,72.0,6.080000000000155,1090.42,0,-65.0,0.0,0
2023-11-11,Jamaica,0,0,58.0,107.0,41.90000000000009,1409.73,2,49.0,0.009345794392523364,1
2023-11-12,Israel,0,1,76.0,109.0,0.0,1323.81,0,33.0,0.0,0
2023-11-15,Sierra Leone,0,0,120.0,142.0,0.0,1156.11,2,22.0,0.007042253521126761,1
2023-11-15,Mauritania,0,2,101.0,69.0,0.0,1205.18,0,-32.0,0.0,0
2023-11-15,Zimbabwe,0,0,125.0,139.0,0.0,1138.56,2,14.0,0.007194244604316547,1
2023-11-15,Namibia,0,1,114.0,91.0,-2.730000000000018,1172.41,0,-23.0,0.0,0
2023-11-15,Serbia,0,1,25.0,5.0,0.0,1539.03,0,-20.0,0.0,0
2023-11-15,Switzerland,1,1,13.0,76.0,0.0,1661.12,2,63.0,0.013157894736842105,1
2023-11-16,Dominica,2,1,184.0,206.0,0.0,904.88,1,22.0,0.014563106796116505,3
2023-11-16,Panama,3,0,45.0,46.0,54.71000000000004,1453.94,1,1.0,0.06521739130434782,3
2023-11-16,Trinidad and Tobago,0,3,102.0,11.0,-3.539999999999964,1199.74,0,-91.0,0.0,0
2023-11-16,Peru,0,2,21.0,83.0,0.0,1561.2,0,62.0,0.0,0
2023-11-16,Ecuador,0,0,40.0,57.0,0.0,1486.47,2,17.0,0.017543859649122806,1
2023-11-16,Brazil,1,2,3.0,17.0,0.0,1828.27,0,14.0,0.0,0
2023-11-16,Uruguay,2,0,16.0,1.0,0.0,1633.13,1,-15.0,3.0,3
2023-11-16,Paraguay,0,0,49.0,32.0,0.0,1442.64,2,-17.0,0.03125,1
2023-11-16,Afghanistan,1,8,157.0,59.0,0.0,1020.32,0,-98.0,0.0,0
2023-11-16,India,1,0,99.0,137.0,3.789999999999964,1208.69,1,38.0,0.021897810218978103,3
2023-11-16,Myanmar,0,5,160.0,20.0,0.0,1000.26,0,-140.0,0.0,0
2023-11-16,China PR,2,1,80.0,113.0,0.0,1304.78,1,33.0,0.02654867256637168,3
2023-11-16,Singapore,0,5,158.0,28.0,0.0,1014.78,0,-130.0,0.0,0
2023-11-16,Uzbekistan,3,1,74.0,138.0,0.0,1327.58,1,64.0,0.021739130434782608,3
2023-11-16,Indonesia,1,5,150.0,70.0,0.0,1047.46,0,-80.0,0.0,0
2023-11-16,Vietnam,2,0,95.0,135.0,0.0,1238.23,1,40.0,0.022222222222222223,3
2023-11-16,Jordan,1,1,82.0,110.0,0.0,1296.26,2,28.0,0.00909090909090909,1
2023-11-16,Pakistan,0,4,201.0,54.0,-4.460000000000036,847.67,0,-147.0,0.0,0
2023-11-16,Nepal,0,4,175.0,72.0,-1.3100000000000591,958.05,0,-103.0,0.0,0
2023-11-16,Bahrain,2,0,86.0,156.0,0.0,1282.05,1,70.0,0.019230769230769232,3
2023-11-16,Palestine,0,0,96.0,100.0,0.0,1233.02,2,4.0,0.01,1
2023-11-16,Bangladesh,0,7,189.0,27.0,2.9400000000000546,892.44,0,-162.0,0.0,0
2023-11-16,Djibouti,0,6,191.0,34.0,0.0,889.2,0,-157.0,0.0,0
2023-11-16,Togo,1,1,122.0,131.0,0.0,1140.88,2,9.0,0.007633587786259542,1
2023-11-16,Lesotho,1,1,151.0,39.0,3.5800000000001546,1038.68,2,-112.0,0.02564102564102564,1
2023-11-16,Angola,0,0,116.0,66.0,-1.6900000000000546,1169.07,2,-50.0,0.015151515151515152,1
2023-11-16,Gambia,2,3,119.0,140.0,0.0,1159.82,0,21.0,0.0,0
2023-11-16,Kenya,1,2,105.0,85.0,0.0,1191.07,0,-20.0,0.0,0
2023-11-16,Mozambique,3,2,117.0,147.0,-1.599999999999909,1164.25,1,30.0,0.02040816326530612,3
2023-11-16,Somalia,1,3,196.0,33.0,0.0,854.72,0,-163.0,0.0,0
2023-11-16,El Salvador,1,1,75.0,88.0,7.829999999999927,1325.47,2,13.0,0.011363636363636364,1
2023-11-16,Faroe Islands,0,2,129.0,44.0,0.0,1126.3,0,-85.0,0.0,0
2023-11-16,Spain,3,1,10.0,118.0,0.0,1703.45,1,108.0,0.025423728813559324,3
2023-11-16,Scotland,2,2,30.0,78.0,0.0,1520.24,2,48.0,0.01282051282051282,1
2023-11-16,Austria,2,0,29.0,111.0,0.0,1528.06,1,82.0,0.02702702702702703,3
2023-11-16,Sweden,0,3,23.0,121.0,0.0,1547.11,0,98.0,0.0,0
2023-11-16,Hungary,2,2,36.0,77.0,0.0,1504.57,2,41.0,0.012987012987012988,1
2023-11-16,Lithuania,0,2,144.0,71.0,0.0,1069.97,0,-73.0,0.0,0
2023-11-16,Portugal,2,0,9.0,200.0,0.0,1718.25,1,191.0,0.015,3
2023-11-16,Bosnia and Herzegovina,1,4,62.0,89.0,0.0,1381.1,0,27.0,0.0,0
2023-11-16,Iceland,2,4,67.0,47.0,0.0,1352.98,0,-20.0,0.0,0
2023-11-17,Dominican Republic,1,2,152.0,179.0,0.0,1036.74,0,27.0,0.0,0
2023-11-17,Nicaragua,4,0,141.0,166.0,0.0,1076.11,1,25.0,0.018072289156626505,3
2023-11-17,Mexico,0,2,12.0,79.0,26.399999999999864,1665.59,0,67.0,0.0,0
2023-11-17,Guinea-Bissau,1,1,112.0,56.0,0.0,1178.93,2,-56.0,0.017857142857142856,1
2023-11-17,Libya,1,0,127.0,146.0,0.0,1130.75,1,19.0,0.02054794520547945,3
2023-11-17,Mauritius,0,3,180.0,42.0,0.0600000000000591,936.09,0,-138.0,0.0,0
2023-11-17,Congo,2,4,106.0,84.0,0.0,1190.63,0,-22.0,0.0,0
2023-11-17,Seychelles,0,9,194.0,52.0,-3.419999999999959,856.71,0,-142.0,0.0,0
2023-11-17,Uganda,1,2,92.0,81.0,0.0,1250.32,0,-11.0,0.0,0
2023-11-17,Malawi,1,0,123.0,148.0,7.480000000000018,1140.65,1,25.0,0.02027027027027027,3
2023-11-17,São Tomé and Príncipe,0,4,186.0,31.0,0.0,900.07,0,-155.0,0.0,0
2023-11-17,Central African Republic,2,4,126.0,130.0,0.0,1133.5,0,4.0,0.0,0
2023-11-17,Madagascar,0,1,108.0,60.0,0.0,1186.09,0,-48.0,0.0,0
2023-11-17,Chad,1,3,181.0,51.0,0.0,930.22,0,-130.0,0.0,0
2023-11-17,Malta,0,2,171.0,4.0,0.0,972.86,0,-167.0,0.0,0
2023-11-17,North Macedonia,2,5,68.0,8.0,0.0,1350.53,0,-60.0,0.0,0
2023-11-17,Albania,1,1,65.0,164.0,0.0,1357.39,2,99.0,0.006097560975609756,1
2023-11-17,Northern Ireland,0,4,64.0,55.0,0.0,1361.17,0,-9.0,0.0,0
2023-11-17,Slovenia,1,2,61.0,19.0,0.0,1391.04,0,-42.0,0.0,0
2023-11-17,San Marino,1,3,208.0,104.0,0.0,753.11,0,-104.0,0.0,0
2023-11-18,Puerto Rico,3,2,163.0,132.0,0.0,993.8,1,-31.0,0.022727272727272728,3
2023-11-18,Canada,2,1,43.0,58.0,4.460000000000036,1458.58,1,15.0,0.05172413793103448,3
2023-11-18,South Sudan,0,4,167.0,18.0,0.0,983.35,0,-149.0,0.0,0
2023-11-18,Benin,1,2,93.0,63.0,0.0,1248.13,0,-30.0,0.0,0
2023-11-18,Tanzania,1,0,124.0,128.0,0.0,1138.79,1,4.0,0.0234375,3
2023-11-18,Gibraltar,0,14,198.0,2.0,0.0,851.64,0,-196.0,0.0,0
2023-11-18,Republic of Ireland,0,1,53.0,7.0,0.0,1426.26,0,-46.0,0.0,0
2023-11-18,Wales,1,1,35.0,90.0,0.0,1506.04,2,55.0,0.011111111111111112,1
2023-11-18,Croatia,2,0,6.0,134.0,0.0,1742.55,1,128.0,0.022388059701492536,3
2023-11-18,Andorra,0,1,154.0,98.0,0.0,1022.3,0,-56.0,0.0,0
2023-11-18,Kosovo,1,1,109.0,13.0,0.0,1179.69,2,-96.0,0.07692307692307693,1
2023-11-18,Romania,2,1,48.0,76.0,0.0,1443.98,1,28.0,0.039473684210526314,3
2023-11-19,Egypt,2,0,34.0,120.0,0.0,1509.89,1,86.0,0.025,3
2023-11-19,DR Congo,0,1,69.0,131.0,0.0,1350.11,0,62.0,0.0,0
2023-11-19,Nigeria,1,1,39.0,125.0,0.0,1486.48,2,86.0,0.008,1
2023-11-19,Gabon,2,1,85.0,140.0,0.0,1285.25,1,55.0,0.02142857142857143,3
2023-11-19,Algeria,2,0,33.0,117.0,0.0,1511.23,1,84.0,0.02564102564102564,3
2023-11-19,Lithuania,0,1,144.0,118.0,0.0,1069.97,0,-26.0,0.0,0
2023-11-19,Norway,3,3,44.0,30.0,0.0,1458.47,2,-14.0,0.03333333333333333,1
2023-11-19,Georgia,1,3,78.0,10.0,0.0,1312.8,0,-68.0,0.0,0
2023-11-19,Azerbaijan,0,5,121.0,5.0,0.0,1143.22,0,-116.0,0.0,0
2023-11-19,Estonia,0,2,111.0,23.0,0.0,1179.3,0,-88.0,0.0,0
2023-11-19,Montenegro,1,3,71.0,36.0,0.0,1343.45,0,-35.0,0.0,0
2023-11-19,Bulgaria,2,2,77.0,25.0,0.0,1315.48,2,-52.0,0.04,1
2023-11-19,Iceland,0,2,67.0,9.0,0.0,1352.98,0,-58.0,0.0,0
2023-11-19,Slovakia,2,1,47.0,62.0,0.0,1447.05,1,15.0,0.04838709677419355,3
2023-11-19,Luxembourg,1,0,89.0,200.0,0.0,1262.72,1,111.0,0.015,3
2023-11-20,Barbados,2,4,166.0,179.0,0.0,984.05,0,13.0,0.0,0
2023-11-20,Cayman Islands,1,5,193.0,199.0,0.0,859.83,0,6.0,0.0,0
2023-11-20,Turks and Caicos Islands,0,2,202.0,184.0,0.0,839.39,0,-18.0,0.0,0
2023-11-20,Costa Rica,1,3,46.0,45.0,-24.74000000000001,1453.56,0,-1.0,0.0,0
2023-11-20,United States,1,2,11.0,102.0,1.1400000000001,1674.48,0,91.0,0.0,0
2023-11-20,Guinea-Bissau,1,0,112.0,191.0,0.0,1178.93,1,79.0,0.015706806282722512,3
2023-11-20,Ivory Coast,2,0,52.0,119.0,0.0,1433.38,1,67.0,0.025210084033613446,3
2023-11-20,Kenya,5,0,105.0,194.0,0.0,1191.07,1,89.0,0.015463917525773196,3
2023-11-20,Equatorial Guinea,1,0,91.0,148.0,0.0,1251.83,1,57.0,0.02027027027027027,3
2023-11-20,Central African Republic,1,1,126.0,51.0,0.0,1133.5,2,-75.0,0.0196078431372549,1
2023-11-20,Madagascar,3,0,108.0,181.0,0.0,1186.09,1,73.0,0.016574585635359115,3
2023-11-20,El Salvador,1,1,75.0,88.0,7.829999999999927,1325.47,2,13.0,0.011363636363636364,1
2023-11-20,England,1,1,4.0,68.0,0.0,1797.39,2,64.0,0.014705882352941176,1
2023-11-20,Italy,0,0,8.0,24.0,0.0,1726.58,2,16.0,0.041666666666666664,1
2023-11-20,Faroe Islands,0,0,129.0,65.0,0.0,1126.3,2,-64.0,0.015384615384615385,1
2023-11-20,Denmark,0,2,19.0,64.0,0.0,1597.37,0,45.0,0.0,0
2023-11-20,Finland,2,1,55.0,208.0,0.0,1419.47,1,153.0,0.014423076923076924,3
2023-11-20,Kazakhstan,1,2,104.0,61.0,0.0,1198.24,0,-43.0,0.0,0
2023-11-21,Dominican Republic,0,0,152.0,141.0,0.0,1036.74,2,-11.0,0.0070921985815602835,1
2023-11-21,Antigua and Barbuda,0,6,132.0,168.0,0.0,1107.51,0,36.0,0.0,0
2023-11-21,Bahamas,1,6,197.0,163.0,0.0,852.87,0,-34.0,0.0,0
2023-11-21,Jamaica,3,2,58.0,43.0,41.90000000000009,1409.73,1,-15.0,0.06976744186046512,3
2023-11-21,Honduras,0,2,79.0,12.0,12.809999999999944,1309.23,0,-67.0,0.0,0
2023-11-21,Chile,0,1,32.0,40.0,0.0,1511.31,0,8.0,0.0,0
2023-11-21,Colombia,1,0,17.0,49.0,0.0,1624.91,1,32.0,0.061224489795918366,3
2023-11-21,Bolivia,0,3,83.0,16.0,0.0,1295.09,0,-67.0,0.0,0
2023-11-21,Venezuela,1,1,57.0,21.0,0.0,1417.23,2,-36.0,0.047619047619047616,1
2023-11-21,Argentina,1,0,1.0,3.0,0.0,1843.73,1,2.0,1.0,3
2023-11-21,Qatar,3,0,59.0,99.0,2.0499999999999545,1395.57,1,40.0,0.030303030303030304,3
2023-11-21,Kuwait,4,0,137.0,157.0,6.080000000000155,1090.42,1,20.0,0.01910828025477707,3
2023-11-21,Japan,5,0,20.0,94.0,0.0,1595.96,1,74.0,0.031914893617021274,3
2023-11-21,South Korea,3,0,28.0,80.0,0.0,1529.3,1,52.0,0.0375,3
2023-11-21,Thailand,3,1,113.0,158.0,0.0,1174.37,1,45.0,0.0189873417721519,3
2023-11-21,Iran,2,2,22.0,74.0,0.0,1556.59,2,52.0,0.013513513513513514,1
2023-11-21,Indonesia,1,1,150.0,135.0,0.0,1047.46,2,-15.0,0.007407407407407408,1
2023-11-21,Iraq,1,0,70.0,95.0,0.0,1345.21,1,25.0,0.031578947368421054,3
2023-11-21,Tajikistan,6,1,110.0,201.0,0.0,1179.54,1,91.0,0.014925373134328358,3
2023-11-21,Saudi Arabia,2,0,54.0,82.0,0.0,1421.46,1,28.0,0.036585365853658534,3
2023-11-21,United Arab Emirates,2,0,72.0,86.0,0.0,1336.28,1,14.0,0.03488372093023256,3
2023-11-21,Yemen,2,0,156.0,175.0,0.0,1020.37,1,19.0,0.017142857142857144,3
2023-11-21,Australia,1,0,27.0,96.0,0.0,1530.45,1,69.0,0.03125,3
2023-11-21,Lebanon,1,1,100.0,189.0,4.029999999999973,1205.77,2,89.0,0.005291005291005291,1
2023-11-21,Burkina Faso,3,0,56.0,142.0,0.0,1419.18,1,86.0,0.02112676056338028,3
2023-11-21,Mauritania,0,0,101.0,167.0,0.0,1205.18,2,66.0,0.005988023952095809,1
2023-11-21,Senegal,0,0,18.0,122.0,0.0,1612.61,2,104.0,0.00819672131147541,1
2023-11-21,Benin,0,0,93.0,151.0,0.0,1248.13,2,58.0,0.006622516556291391,1
2023-11-21,South Africa,0,2,63.0,139.0,-1.240000000000009,1368.25,0,76.0,0.0,0
2023-11-21,Cape Verde,2,0,66.0,146.0,0.0,1354.65,1,80.0,0.02054794520547945,3
2023-11-21,Cameroon,1,1,42.0,127.0,0.0,1470.97,2,85.0,0.007874015748031496,1
2023-11-21,Angola,0,0,116.0,180.0,-1.6900000000000546,1169.07,2,64.0,0.005555555555555556,1
2023-11-21,Zambia,1,2,84.0,128.0,3.5699999999999363,1293.77,0,44.0,0.0,0
2023-11-21,Morocco,2,0,14.0,124.0,0.0,1655.5,1,110.0,0.024193548387096774,3
2023-11-21,Uganda,1,0,92.0,196.0,0.0,1250.32,1,104.0,0.015306122448979591,3
2023-11-21,Guinea,0,1,81.0,147.0,0.0,1296.75,0,66.0,0.0,0
2023-11-21,Tunisia,1,0,31.0,123.0,0.0,1516.66,1,92.0,0.024390243902439025,3
2023-11-21,Namibia,2,0,114.0,186.0,-2.730000000000018,1172.41,1,72.0,0.016129032258064516,3
2023-11-21,Ghana,0,1,60.0,130.0,0.0,1391.13,0,70.0,0.0,0
2023-11-21,Germany,0,2,15.0,29.0,0.0,1636.32,0,14.0,0.0,0
2023-11-21,Latvia,0,2,134.0,26.0,0.0,1096.19,0,-108.0,0.0,0
2023-11-21,Netherlands,6,0,7.0,198.0,0.0,1731.23,1,191.0,0.015151515151515152,3
2023-11-21,France,2,2,2.0,50.0,0.0,1843.54,2,48.0,0.02,1
2023-11-21,Armenia,0,1,90.0,6.0,0.0,1252.6,0,-84.0,0.0,0
2023-11-21,Israel,2,0,76.0,154.0,0.0,1323.81,1,78.0,0.01948051948051948,3
2023-11-21,Belarus,1,0,98.0,109.0,0.0,1212.28,1,11.0,0.027522935779816515,3
2023-11-21,Switzerland,0,1,13.0,48.0,0.0,1661.12,0,35.0,0.0,0
